[
  {
    "name": "Acceloring",
    "links": [
      "https://www.ccrecipes.com/recipe?recipe=Acceloring",
      "https://cubiccastles.fandom.com/wiki/Acceloring"
    ],
    "categories": []
  },
  {
    "name": "Adventure",
    "links": [
      "https://www.ccrecipes.com/recipe?recipe=Adventure",
      "https://cubiccastles.fandom.com/wiki/Adventure"
    ],
    "categories": []
  },
  {
    "name": "Angel Wings",
    "links": [
      "https://www.ccrecipes.com/recipe?recipe=Angel%20Wings",
      "https://cubiccastles.fandom.com/wiki/Angel_Wings"
    ],
    "categories": []
  },
  {
    "name": "Antennae",
    "links": [
      "https://www.ccrecipes.com/recipe?recipe=Antennae",
      "https://cubiccastles.fandom.com/wiki/Antennae"
    ],
    "categories": []
  },
  {
    "name": "Anvil",
    "links": [
      "https://www.ccrecipes.com/recipe?recipe=Anvil",
      "https://cubiccastles.fandom.com/wiki/Anvil"
    ],
    "categories": []
  },
  {
    "name": "Any Hammer",
    "links": [
      "https://www.ccrecipes.com/recipe?recipe=Any%20Hammer",
      "https://cubiccastles.fandom.com/wiki/Any_Hammer"
    ],
    "categories": []
  },
  {
    "name": "Arctic",
    "links": [
      "https://www.ccrecipes.com/recipe?recipe=Arctic",
      "https://cubiccastles.fandom.com/wiki/Arctic"
    ],
    "categories": [
      "Arctic Mine"
    ]
  },
  {
    "name": "Arctic Mines",
    "links": [
      "https://www.ccrecipes.com/recipe?recipe=Arctic%20Mines",
      "https://cubiccastles.fandom.com/wiki/Arctic_Mines"
    ],
    "categories": [
      "Arctic Mine"
    ]
  },
  {
    "name": "Artifact",
    "links": [
      "https://www.ccrecipes.com/recipe?recipe=Artifact",
      "https://cubiccastles.fandom.com/wiki/Artifact"
    ],
    "categories": []
  },
  {
    "name": "Ball Blocks",
    "links": [
      "https://www.ccrecipes.com/recipe?recipe=Ball%20Blocks",
      "https://cubiccastles.fandom.com/wiki/Ball_Blocks"
    ],
    "categories": []
  },
  {
    "name": "Barrel",
    "links": [
      "https://www.ccrecipes.com/recipe?recipe=Barrel",
      "https://cubiccastles.fandom.com/wiki/Barrel"
    ],
    "categories": []
  },
  {
    "name": "Basic Sentry",
    "links": [
      "https://www.ccrecipes.com/recipe?recipe=Basic%20Sentry",
      "https://cubiccastles.fandom.com/wiki/Basic_Sentry"
    ],
    "categories": []
  },
  {
    "name": "BBQ Wing",
    "links": [
      "https://www.ccrecipes.com/recipe?recipe=BBQ%20Wing",
      "https://cubiccastles.fandom.com/wiki/BBQ_Wing"
    ],
    "categories": []
  },
  {
    "name": "Beany",
    "links": [
      "https://www.ccrecipes.com/recipe?recipe=Beany",
      "https://cubiccastles.fandom.com/wiki/Beany"
    ],
    "categories": []
  },
  {
    "name": "Beeswax",
    "links": [
      "https://www.ccrecipes.com/recipe?recipe=Beeswax",
      "https://cubiccastles.fandom.com/wiki/Beeswax"
    ],
    "categories": [
      "Forest Mine",
      "Mountain Mines"
    ]
  },
  {
    "name": "Berry",
    "links": [
      "https://www.ccrecipes.com/recipe?recipe=Berry",
      "https://cubiccastles.fandom.com/wiki/Berry"
    ],
    "categories": []
  },
  {
    "name": "Berry Bush",
    "links": [
      "https://www.ccrecipes.com/recipe?recipe=Berry%20Bush",
      "https://cubiccastles.fandom.com/wiki/Berry_Bush"
    ],
    "categories": [
      "Tropical Mine"
    ]
  },
  {
    "name": "Black Cowl",
    "links": [
      "https://www.ccrecipes.com/recipe?recipe=Black%20Cowl",
      "https://cubiccastles.fandom.com/wiki/Black_Cowl"
    ],
    "categories": []
  },
  {
    "name": "Black Dye",
    "links": [
      "https://www.ccrecipes.com/recipe?recipe=Black%20Dye",
      "https://cubiccastles.fandom.com/wiki/Black_Dye"
    ],
    "categories": []
  },
  {
    "name": "Black Marble",
    "links": [
      "https://www.ccrecipes.com/recipe?recipe=Black%20Marble",
      "https://cubiccastles.fandom.com/wiki/Black_Marble"
    ],
    "categories": []
  },
  {
    "name": "Black Robe",
    "links": [
      "https://www.ccrecipes.com/recipe?recipe=Black%20Robe",
      "https://cubiccastles.fandom.com/wiki/Black_Robe"
    ],
    "categories": []
  },
  {
    "name": "Black Shirt",
    "links": [
      "https://www.ccrecipes.com/recipe?recipe=Black%20Shirt",
      "https://cubiccastles.fandom.com/wiki/Black_Shirt"
    ],
    "categories": []
  },
  {
    "name": "Black Tutu",
    "links": [
      "https://www.ccrecipes.com/recipe?recipe=Black%20Tutu",
      "https://cubiccastles.fandom.com/wiki/Black_Tutu"
    ],
    "categories": []
  },
  {
    "name": "Blank Bumper",
    "links": [
      "https://www.ccrecipes.com/recipe?recipe=Blank%20Bumper",
      "https://cubiccastles.fandom.com/wiki/Blank_Bumper"
    ],
    "categories": []
  },
  {
    "name": "Block",
    "links": [
      "https://www.ccrecipes.com/recipe?recipe=Block",
      "https://cubiccastles.fandom.com/wiki/Ball_Blocks"
    ],
    "categories": []
  },
  {
    "name": "Block,type of bush",
    "links": [
      "https://www.ccrecipes.com/recipe?recipe=Block%2Ctype%20of%20bush",
      "https://cubiccastles.fandom.com/wiki/Bush"
    ],
    "categories": [
      "Tropical Mine"
    ]
  },
  {
    "name": "Blocks",
    "links": [
      "https://www.ccrecipes.com/recipe?recipe=Blocks",
      "https://cubiccastles.fandom.com/wiki/Ball_Blocks"
    ],
    "categories": []
  },
  {
    "name": "Blocks & buildables",
    "links": [
      "https://www.ccrecipes.com/recipe?recipe=Blocks%20%26%20buildables",
      "https://cubiccastles.fandom.com/wiki/Ball_Blocks"
    ],
    "categories": []
  },
  {
    "name": "Blocks of metallic ores",
    "links": [
      "https://www.ccrecipes.com/recipe?recipe=Blocks%20of%20metallic%20ores",
      "https://cubiccastles.fandom.com/wiki/Ball_Blocks"
    ],
    "categories": []
  },
  {
    "name": "Blocks of ores",
    "links": [
      "https://www.ccrecipes.com/recipe?recipe=Blocks%20of%20ores",
      "https://cubiccastles.fandom.com/wiki/List_Of_Important_Blocks"
    ],
    "categories": []
  },
  {
    "name": "Blocks that function as fluid",
    "links": [
      "https://www.ccrecipes.com/recipe?recipe=Blocks%20that%20function%20as%20fluid",
      "https://cubiccastles.fandom.com/wiki/Ball_Blocks"
    ],
    "categories": []
  },
  {
    "name": "Blocks that function as hazards",
    "links": [
      "https://www.ccrecipes.com/recipe?recipe=Blocks%20that%20function%20as%20hazards",
      "https://cubiccastles.fandom.com/wiki/Ball_Blocks"
    ],
    "categories": []
  },
  {
    "name": "Blocks that function as ladders",
    "links": [
      "https://www.ccrecipes.com/recipe?recipe=Blocks%20that%20function%20as%20ladders",
      "https://cubiccastles.fandom.com/wiki/Ball_Blocks"
    ],
    "categories": []
  },
  {
    "name": "Blocks that function as signs",
    "links": [
      "https://www.ccrecipes.com/recipe?recipe=Blocks%20that%20function%20as%20signs",
      "https://cubiccastles.fandom.com/wiki/Ball_Blocks"
    ],
    "categories": []
  },
  {
    "name": "Blocks that function as stairs",
    "links": [
      "https://www.ccrecipes.com/recipe?recipe=Blocks%20that%20function%20as%20stairs",
      "https://cubiccastles.fandom.com/wiki/Ball_Blocks"
    ],
    "categories": []
  },
  {
    "name": "Blocks that function as storages",
    "links": [
      "https://www.ccrecipes.com/recipe?recipe=Blocks%20that%20function%20as%20storages",
      "https://cubiccastles.fandom.com/wiki/Ball_Blocks"
    ],
    "categories": []
  },
  {
    "name": "Blocks that have no special function",
    "links": [
      "https://www.ccrecipes.com/recipe?recipe=Blocks%20that%20have%20no%20special%20function",
      "https://cubiccastles.fandom.com/wiki/Ball_Blocks"
    ],
    "categories": []
  },
  {
    "name": "Blocks that slow players down",
    "links": [
      "https://www.ccrecipes.com/recipe?recipe=Blocks%20that%20slow%20players%20down",
      "https://cubiccastles.fandom.com/wiki/Ball_Blocks"
    ],
    "categories": []
  },
  {
    "name": "Blue Baseball Cap",
    "links": [
      "https://www.ccrecipes.com/recipe?recipe=Blue%20Baseball%20Cap",
      "https://cubiccastles.fandom.com/wiki/Blue_Baseball_Cap"
    ],
    "categories": []
  },
  {
    "name": "Blue Brick",
    "links": [
      "https://www.ccrecipes.com/recipe?recipe=Blue%20Brick",
      "https://cubiccastles.fandom.com/wiki/Blue_Brick"
    ],
    "categories": []
  },
  {
    "name": "Blue Cowl",
    "links": [
      "https://www.ccrecipes.com/recipe?recipe=Blue%20Cowl",
      "https://cubiccastles.fandom.com/wiki/Blue_Cowl"
    ],
    "categories": []
  },
  {
    "name": "Blue Dye",
    "links": [
      "https://www.ccrecipes.com/recipe?recipe=Blue%20Dye",
      "https://cubiccastles.fandom.com/wiki/Blue_Dye"
    ],
    "categories": []
  },
  {
    "name": "Blue Fadey Foam",
    "links": [
      "https://www.ccrecipes.com/recipe?recipe=Blue%20Fadey%20Foam",
      "https://cubiccastles.fandom.com/wiki/Blue_Fadey_Foam"
    ],
    "categories": []
  },
  {
    "name": "Blue Hair Bow",
    "links": [
      "https://www.ccrecipes.com/recipe?recipe=Blue%20Hair%20Bow",
      "https://cubiccastles.fandom.com/wiki/Blue_Hair_Bow"
    ],
    "categories": []
  },
  {
    "name": "Blue Marble",
    "links": [
      "https://www.ccrecipes.com/recipe?recipe=Blue%20Marble",
      "https://cubiccastles.fandom.com/wiki/Blue_Marble"
    ],
    "categories": []
  },
  {
    "name": "Blue Robe",
    "links": [
      "https://www.ccrecipes.com/recipe?recipe=Blue%20Robe",
      "https://cubiccastles.fandom.com/wiki/Blue_Robe"
    ],
    "categories": []
  },
  {
    "name": "Bomb",
    "links": [
      "https://www.ccrecipes.com/recipe?recipe=Bomb",
      "https://cubiccastles.fandom.com/wiki/Bomb"
    ],
    "categories": []
  },
  {
    "name": "Bones",
    "links": [
      "https://www.ccrecipes.com/recipe?recipe=Bones",
      "https://cubiccastles.fandom.com/wiki/Bones"
    ],
    "categories": [
      "Desert Mine"
    ]
  },
  {
    "name": "Boom Powder",
    "links": [
      "https://www.ccrecipes.com/recipe?recipe=Boom%20Powder",
      "https://cubiccastles.fandom.com/wiki/Boom_Powder"
    ],
    "categories": []
  },
  {
    "name": "Boulder",
    "links": [
      "https://www.ccrecipes.com/recipe?recipe=Boulder",
      "https://cubiccastles.fandom.com/wiki/Boulder"
    ],
    "categories": []
  },
  {
    "name": "Bouncy Block",
    "links": [
      "https://www.ccrecipes.com/recipe?recipe=Bouncy%20Block",
      "https://cubiccastles.fandom.com/wiki/Bouncy_Block"
    ],
    "categories": []
  },
  {
    "name": "Brave Hat",
    "links": [
      "https://www.ccrecipes.com/recipe?recipe=Brave%20Hat",
      "https://cubiccastles.fandom.com/wiki/Brave_Hat"
    ],
    "categories": []
  },
  {
    "name": "Broadcast",
    "links": [
      "https://www.ccrecipes.com/recipe?recipe=Broadcast",
      "https://cubiccastles.fandom.com/wiki/Broadcast"
    ],
    "categories": []
  },
  {
    "name": "Brown Dye",
    "links": [
      "https://www.ccrecipes.com/recipe?recipe=Brown%20Dye",
      "https://cubiccastles.fandom.com/wiki/Dye"
    ],
    "categories": []
  },
  {
    "name": "Bugs",
    "links": [
      "https://www.ccrecipes.com/recipe?recipe=Bugs",
      "https://cubiccastles.fandom.com/wiki/Bugs"
    ],
    "categories": []
  },
  {
    "name": "Bush",
    "links": [
      "https://www.ccrecipes.com/recipe?recipe=Bush",
      "https://cubiccastles.fandom.com/wiki/Bush"
    ],
    "categories": [
      "Tropical Mine"
    ]
  },
  {
    "name": "Cactus",
    "links": [
      "https://www.ccrecipes.com/recipe?recipe=Cactus",
      "https://cubiccastles.fandom.com/wiki/Cactus"
    ],
    "categories": [
      "Desert Mine"
    ]
  },
  {
    "name": "Candle",
    "links": [
      "https://www.ccrecipes.com/recipe?recipe=Candle",
      "https://cubiccastles.fandom.com/wiki/Candle"
    ],
    "categories": []
  },
  {
    "name": "Cannon",
    "links": [
      "https://www.ccrecipes.com/recipe?recipe=Cannon",
      "https://cubiccastles.fandom.com/wiki/Cannon"
    ],
    "categories": []
  },
  {
    "name": "Cash Register",
    "links": [
      "https://www.ccrecipes.com/recipe?recipe=Cash%20Register",
      "https://cubiccastles.fandom.com/wiki/Cash_Register"
    ],
    "categories": []
  },
  {
    "name": "Castle Deed",
    "links": [
      "https://www.ccrecipes.com/recipe?recipe=Castle%20Deed",
      "https://cubiccastles.fandom.com/wiki/Castle_Deed"
    ],
    "categories": []
  },
  {
    "name": "Castles",
    "links": [
      "https://www.ccrecipes.com/recipe?recipe=Castles",
      "https://cubiccastles.fandom.com/wiki/Castles"
    ],
    "categories": []
  },
  {
    "name": "Castles.cc",
    "links": [
      "https://www.ccrecipes.com/recipe?recipe=Castles.cc",
      "https://cubiccastles.fandom.com/wiki/Castles.cc"
    ],
    "categories": []
  },
  {
    "name": "Cave Wall",
    "links": [
      "https://www.ccrecipes.com/recipe?recipe=Cave%20Wall",
      "https://cubiccastles.fandom.com/wiki/Cave_Wall"
    ],
    "categories": [
      "Mountain Mines"
    ]
  },
  {
    "name": "Cavern Mines",
    "links": [
      "https://www.ccrecipes.com/recipe?recipe=Cavern%20Mines",
      "https://cubiccastles.fandom.com/wiki/Cavern_Mines"
    ],
    "categories": []
  },
  {
    "name": "Cedar Fence",
    "links": [
      "https://www.ccrecipes.com/recipe?recipe=Cedar%20Fence",
      "https://cubiccastles.fandom.com/wiki/Cedar_Fence"
    ],
    "categories": []
  },
  {
    "name": "Cement",
    "links": [
      "https://www.ccrecipes.com/recipe?recipe=Cement",
      "https://cubiccastles.fandom.com/wiki/Cement"
    ],
    "categories": []
  },
  {
    "name": "Chairs",
    "links": [
      "https://www.ccrecipes.com/recipe?recipe=Chairs",
      "https://cubiccastles.fandom.com/wiki/Fancy_Chair"
    ],
    "categories": []
  },
  {
    "name": "Charcoal",
    "links": [
      "https://www.ccrecipes.com/recipe?recipe=Charcoal",
      "https://cubiccastles.fandom.com/wiki/Charcoal"
    ],
    "categories": [
      "Forest Mine",
      "Desert Mine",
      "Mountain Mines",
      "Arctic Mine"
    ]
  },
  {
    "name": "Checker Stairs",
    "links": [
      "https://www.ccrecipes.com/recipe?recipe=Checker%20Stairs",
      "https://cubiccastles.fandom.com/wiki/Checker_Stairs"
    ],
    "categories": []
  },
  {
    "name": "Checkers",
    "links": [
      "https://www.ccrecipes.com/recipe?recipe=Checkers",
      "https://cubiccastles.fandom.com/wiki/Checkers"
    ],
    "categories": []
  },
  {
    "name": "Checkpoint",
    "links": [
      "https://www.ccrecipes.com/recipe?recipe=Checkpoint",
      "https://cubiccastles.fandom.com/wiki/Checkpoint"
    ],
    "categories": []
  },
  {
    "name": "Checkpoint Bumper",
    "links": [
      "https://www.ccrecipes.com/recipe?recipe=Checkpoint%20Bumper",
      "https://cubiccastles.fandom.com/wiki/Checkpoint_Bumper"
    ],
    "categories": []
  },
  {
    "name": "Chest",
    "links": [
      "https://www.ccrecipes.com/recipe?recipe=Chest",
      "https://cubiccastles.fandom.com/wiki/Chest"
    ],
    "categories": []
  },
  {
    "name": "Chief Hat",
    "links": [
      "https://www.ccrecipes.com/recipe?recipe=Chief%20Hat",
      "https://cubiccastles.fandom.com/wiki/Chief_Hat"
    ],
    "categories": []
  },
  {
    "name": "Chisel",
    "links": [
      "https://www.ccrecipes.com/recipe?recipe=Chisel",
      "https://cubiccastles.fandom.com/wiki/Chisel"
    ],
    "categories": []
  },
  {
    "name": "Clan",
    "links": [
      "https://www.ccrecipes.com/recipe?recipe=Clan",
      "https://cubiccastles.fandom.com/wiki/Clanstone"
    ],
    "categories": [
      "Forest Mine",
      "Desert Mine",
      "Mountain Mines"
    ]
  },
  {
    "name": "Clans",
    "links": [
      "https://www.ccrecipes.com/recipe?recipe=Clans",
      "https://cubiccastles.fandom.com/wiki/Clans"
    ],
    "categories": []
  },
  {
    "name": "Clanstone",
    "links": [
      "https://www.ccrecipes.com/recipe?recipe=Clanstone",
      "https://cubiccastles.fandom.com/wiki/Clanstone"
    ],
    "categories": [
      "Forest Mine",
      "Desert Mine",
      "Mountain Mines"
    ]
  },
  {
    "name": "Clay Block",
    "links": [
      "https://www.ccrecipes.com/recipe?recipe=Clay%20Block",
      "https://cubiccastles.fandom.com/wiki/Clay_Block"
    ],
    "categories": []
  },
  {
    "name": "Clay Brick",
    "links": [
      "https://www.ccrecipes.com/recipe?recipe=Clay%20Brick",
      "https://cubiccastles.fandom.com/wiki/Clay_Brick"
    ],
    "categories": []
  },
  {
    "name": "Clay Brick Cap",
    "links": [
      "https://www.ccrecipes.com/recipe?recipe=Clay%20Brick%20Cap",
      "https://cubiccastles.fandom.com/wiki/Clay_Brick_Cap"
    ],
    "categories": []
  },
  {
    "name": "Clay Lump",
    "links": [
      "https://www.ccrecipes.com/recipe?recipe=Clay%20Lump",
      "https://cubiccastles.fandom.com/wiki/Clay_Lump"
    ],
    "categories": []
  },
  {
    "name": "Cloth",
    "links": [
      "https://www.ccrecipes.com/recipe?recipe=Cloth",
      "https://cubiccastles.fandom.com/wiki/Cloth"
    ],
    "categories": []
  },
  {
    "name": "Clothes",
    "links": [
      "https://www.ccrecipes.com/recipe?recipe=Clothes",
      "https://cubiccastles.fandom.com/wiki/Cloth"
    ],
    "categories": []
  },
  {
    "name": "Clothing",
    "links": [
      "https://www.ccrecipes.com/recipe?recipe=Clothing",
      "https://cubiccastles.fandom.com/wiki/Cloth"
    ],
    "categories": []
  },
  {
    "name": "Cloud",
    "links": [
      "https://www.ccrecipes.com/recipe?recipe=Cloud",
      "https://cubiccastles.fandom.com/wiki/Cloud"
    ],
    "categories": []
  },
  {
    "name": "Cloudy Potion",
    "links": [
      "https://www.ccrecipes.com/recipe?recipe=Cloudy%20Potion",
      "https://cubiccastles.fandom.com/wiki/Cloudy_Potion"
    ],
    "categories": []
  },
  {
    "name": "Coal",
    "links": [
      "https://www.ccrecipes.com/recipe?recipe=Coal",
      "https://cubiccastles.fandom.com/wiki/Coal"
    ],
    "categories": [
      "Forest Mine",
      "Desert Mine",
      "Mountain Mines",
      "Arctic Mine"
    ]
  },
  {
    "name": "Coal Block",
    "links": [
      "https://www.ccrecipes.com/recipe?recipe=Coal%20Block",
      "https://cubiccastles.fandom.com/wiki/Coal_Block"
    ],
    "categories": [
      "Forest Mine",
      "Desert Mine",
      "Mountain Mines",
      "Arctic Mine"
    ]
  },
  {
    "name": "Cobblestone",
    "links": [
      "https://www.ccrecipes.com/recipe?recipe=Cobblestone",
      "https://cubiccastles.fandom.com/wiki/Cobblestone"
    ],
    "categories": [
      "Forest Mine",
      "Desert Mine",
      "Mountain Mines"
    ]
  },
  {
    "name": "Colored Checker",
    "links": [
      "https://www.ccrecipes.com/recipe?recipe=Colored%20Checker",
      "https://cubiccastles.fandom.com/wiki/Colored_Checker"
    ],
    "categories": []
  },
  {
    "name": "Computer",
    "links": [
      "https://www.ccrecipes.com/recipe?recipe=Computer",
      "https://cubiccastles.fandom.com/wiki/Computer"
    ],
    "categories": []
  },
  {
    "name": "Controls",
    "links": [
      "https://www.ccrecipes.com/recipe?recipe=Controls",
      "https://cubiccastles.fandom.com/wiki/Controls"
    ],
    "categories": []
  },
  {
    "name": "Cooking Oil",
    "links": [
      "https://www.ccrecipes.com/recipe?recipe=Cooking%20Oil",
      "https://cubiccastles.fandom.com/wiki/Cooking_Oil"
    ],
    "categories": [
      "Arctic Mine"
    ]
  },
  {
    "name": "Coral",
    "links": [
      "https://www.ccrecipes.com/recipe?recipe=Coral",
      "https://cubiccastles.fandom.com/wiki/Coral"
    ],
    "categories": [
      "Tropical Mine"
    ]
  },
  {
    "name": "Cotton",
    "links": [
      "https://www.ccrecipes.com/recipe?recipe=Cotton",
      "https://cubiccastles.fandom.com/wiki/Cotton"
    ],
    "categories": []
  },
  {
    "name": "Cotton Bush",
    "links": [
      "https://www.ccrecipes.com/recipe?recipe=Cotton%20Bush",
      "https://cubiccastles.fandom.com/wiki/Cotton_Bush"
    ],
    "categories": [
      "Tropical Mine"
    ]
  },
  {
    "name": "Cowl",
    "links": [
      "https://www.ccrecipes.com/recipe?recipe=Cowl",
      "https://cubiccastles.fandom.com/wiki/Cowl"
    ],
    "categories": []
  },
  {
    "name": "Cowls",
    "links": [
      "https://www.ccrecipes.com/recipe?recipe=Cowls",
      "https://cubiccastles.fandom.com/wiki/Cowls"
    ],
    "categories": []
  },
  {
    "name": "Crafting",
    "links": [
      "https://www.ccrecipes.com/recipe?recipe=Crafting",
      "https://cubiccastles.fandom.com/wiki/Crafting"
    ],
    "categories": []
  },
  {
    "name": "Crafting station",
    "links": [
      "https://www.ccrecipes.com/recipe?recipe=Crafting%20station",
      "https://cubiccastles.fandom.com/wiki/Crafting_station"
    ],
    "categories": []
  },
  {
    "name": "Crafting stations",
    "links": [
      "https://www.ccrecipes.com/recipe?recipe=Crafting%20stations",
      "https://cubiccastles.fandom.com/wiki/Crafting_station"
    ],
    "categories": []
  },
  {
    "name": "Crafting tools",
    "links": [
      "https://www.ccrecipes.com/recipe?recipe=Crafting%20tools",
      "https://cubiccastles.fandom.com/wiki/Crafting_tools"
    ],
    "categories": []
  },
  {
    "name": "Crate",
    "links": [
      "https://www.ccrecipes.com/recipe?recipe=Crate",
      "https://cubiccastles.fandom.com/wiki/Crate"
    ],
    "categories": []
  },
  {
    "name": "Crown",
    "links": [
      "https://www.ccrecipes.com/recipe?recipe=Crown",
      "https://cubiccastles.fandom.com/wiki/Crown"
    ],
    "categories": []
  },
  {
    "name": "Crude Signpost",
    "links": [
      "https://www.ccrecipes.com/recipe?recipe=Crude%20Signpost",
      "https://cubiccastles.fandom.com/wiki/Crude_Signpost"
    ],
    "categories": []
  },
  {
    "name": "Crushed Artifact",
    "links": [
      "https://www.ccrecipes.com/recipe?recipe=Crushed%20Artifact",
      "https://cubiccastles.fandom.com/wiki/Crushed_Artifact"
    ],
    "categories": []
  },
  {
    "name": "Cubic",
    "links": [
      "https://www.ccrecipes.com/recipe?recipe=Cubic",
      "https://cubiccastles.fandom.com/wiki/CubicCastles_Wiki"
    ],
    "categories": []
  },
  {
    "name": "Cubic castles",
    "links": [
      "https://www.ccrecipes.com/recipe?recipe=Cubic%20castles",
      "https://cubiccastles.fandom.com/wiki/Cubic_Castles"
    ],
    "categories": []
  },
  {
    "name": "Cubic Castles Wiki",
    "links": [
      "https://www.ccrecipes.com/recipe?recipe=Cubic%20Castles%20Wiki",
      "https://cubiccastles.fandom.com/wiki/Cubic_Castles_Wiki"
    ],
    "categories": []
  },
  {
    "name": "Cubic Store",
    "links": [
      "https://www.ccrecipes.com/recipe?recipe=Cubic%20Store",
      "https://cubiccastles.fandom.com/wiki/Cubic_Store"
    ],
    "categories": []
  },
  {
    "name": "Cut-O-Matik 5000!",
    "links": [
      "https://www.ccrecipes.com/recipe?recipe=Cut-O-Matik%205000%21",
      "https://cubiccastles.fandom.com/wiki/Cut-O-Matik_5000!"
    ],
    "categories": []
  },
  {
    "name": "Dark Brick",
    "links": [
      "https://www.ccrecipes.com/recipe?recipe=Dark%20Brick",
      "https://cubiccastles.fandom.com/wiki/Dark_Brick"
    ],
    "categories": []
  },
  {
    "name": "Decorative Block",
    "links": [
      "https://www.ccrecipes.com/recipe?recipe=Decorative%20Block",
      "https://cubiccastles.fandom.com/wiki/Clay_Block"
    ],
    "categories": []
  },
  {
    "name": "Decorative Mask",
    "links": [
      "https://www.ccrecipes.com/recipe?recipe=Decorative%20Mask",
      "https://cubiccastles.fandom.com/wiki/Decorative_Mask"
    ],
    "categories": []
  },
  {
    "name": "Dehydrated Cube",
    "links": [
      "https://www.ccrecipes.com/recipe?recipe=Dehydrated%20Cube",
      "https://cubiccastles.fandom.com/wiki/Dehydrated_Cube"
    ],
    "categories": []
  },
  {
    "name": "Desert",
    "links": [
      "https://www.ccrecipes.com/recipe?recipe=Desert",
      "https://cubiccastles.fandom.com/wiki/Desert"
    ],
    "categories": [
      "Desert Mine"
    ]
  },
  {
    "name": "Desk Pot",
    "links": [
      "https://www.ccrecipes.com/recipe?recipe=Desk%20Pot",
      "https://cubiccastles.fandom.com/wiki/Desk_Pot"
    ],
    "categories": []
  },
  {
    "name": "Diamond",
    "links": [
      "https://www.ccrecipes.com/recipe?recipe=Diamond",
      "https://cubiccastles.fandom.com/wiki/Diamond"
    ],
    "categories": []
  },
  {
    "name": "Dice Bumper",
    "links": [
      "https://www.ccrecipes.com/recipe?recipe=Dice%20Bumper",
      "https://cubiccastles.fandom.com/wiki/Dice_Bumper"
    ],
    "categories": [
      "Mountain Mines",
      "Arctic Mine"
    ]
  },
  {
    "name": "Dirt",
    "links": [
      "https://www.ccrecipes.com/recipe?recipe=Dirt",
      "https://cubiccastles.fandom.com/wiki/Dirt"
    ],
    "categories": [
      "Tropical Mine",
      "Forest Mine",
      "Desert Mine",
      "Arctic Mine"
    ]
  },
  {
    "name": "Distiller",
    "links": [
      "https://www.ccrecipes.com/recipe?recipe=Distiller",
      "https://cubiccastles.fandom.com/wiki/Distiller"
    ],
    "categories": []
  },
  {
    "name": "Donation Table",
    "links": [
      "https://www.ccrecipes.com/recipe?recipe=Donation%20Table",
      "https://cubiccastles.fandom.com/wiki/Donation_Table"
    ],
    "categories": []
  },
  {
    "name": "Dorkmobile",
    "links": [
      "https://www.ccrecipes.com/recipe?recipe=Dorkmobile",
      "https://cubiccastles.fandom.com/wiki/Dorkmobile"
    ],
    "categories": []
  },
  {
    "name": "Double Mattress",
    "links": [
      "https://www.ccrecipes.com/recipe?recipe=Double%20Mattress",
      "https://cubiccastles.fandom.com/wiki/Double_Mattress"
    ],
    "categories": []
  },
  {
    "name": "Down Sign",
    "links": [
      "https://www.ccrecipes.com/recipe?recipe=Down%20Sign",
      "https://cubiccastles.fandom.com/wiki/Down_Sign"
    ],
    "categories": []
  },
  {
    "name": "Dragon Head",
    "links": [
      "https://www.ccrecipes.com/recipe?recipe=Dragon%20Head",
      "https://cubiccastles.fandom.com/wiki/Dragon_Head"
    ],
    "categories": []
  },
  {
    "name": "Dungeon Pack",
    "links": [
      "https://www.ccrecipes.com/recipe?recipe=Dungeon%20Pack",
      "https://cubiccastles.fandom.com/wiki/Dungeon_Pack"
    ],
    "categories": []
  },
  {
    "name": "Dye",
    "links": [
      "https://www.ccrecipes.com/recipe?recipe=Dye",
      "https://cubiccastles.fandom.com/wiki/Dye"
    ],
    "categories": []
  },
  {
    "name": "Dye Pack",
    "links": [
      "https://www.ccrecipes.com/recipe?recipe=Dye%20Pack",
      "https://cubiccastles.fandom.com/wiki/Dye_Pack"
    ],
    "categories": []
  },
  {
    "name": "Easter Umbrella",
    "links": [
      "https://www.ccrecipes.com/recipe?recipe=Easter%20Umbrella",
      "https://cubiccastles.fandom.com/wiki/Easter_Umbrella"
    ],
    "categories": []
  },
  {
    "name": "Egg",
    "links": [
      "https://www.ccrecipes.com/recipe?recipe=Egg",
      "https://cubiccastles.fandom.com/wiki/Egg"
    ],
    "categories": []
  },
  {
    "name": "Emerald",
    "links": [
      "https://www.ccrecipes.com/recipe?recipe=Emerald",
      "https://cubiccastles.fandom.com/wiki/Emerald"
    ],
    "categories": []
  },
  {
    "name": "Empty Bottle",
    "links": [
      "https://www.ccrecipes.com/recipe?recipe=Empty%20Bottle",
      "https://cubiccastles.fandom.com/wiki/Empty_Bottle"
    ],
    "categories": []
  },
  {
    "name": "Empty Jar",
    "links": [
      "https://www.ccrecipes.com/recipe?recipe=Empty%20Jar",
      "https://cubiccastles.fandom.com/wiki/Empty_Jar"
    ],
    "categories": []
  },
  {
    "name": "Experience",
    "links": [
      "https://www.ccrecipes.com/recipe?recipe=Experience",
      "https://cubiccastles.fandom.com/wiki/Experience"
    ],
    "categories": []
  },
  {
    "name": "Extractor",
    "links": [
      "https://www.ccrecipes.com/recipe?recipe=Extractor",
      "https://cubiccastles.fandom.com/wiki/Extractor"
    ],
    "categories": []
  },
  {
    "name": "Fadey Foam",
    "links": [
      "https://www.ccrecipes.com/recipe?recipe=Fadey%20Foam",
      "https://cubiccastles.fandom.com/wiki/Fadey_Foam"
    ],
    "categories": []
  },
  {
    "name": "Fairy",
    "links": [
      "https://www.ccrecipes.com/recipe?recipe=Fairy",
      "https://cubiccastles.fandom.com/wiki/Fairy"
    ],
    "categories": []
  },
  {
    "name": "Fairy Soil",
    "links": [
      "https://www.ccrecipes.com/recipe?recipe=Fairy%20Soil",
      "https://cubiccastles.fandom.com/wiki/Fairy"
    ],
    "categories": [
      "Tropical Mine",
      "Arctic Mine"
    ]
  },
  {
    "name": "FairyJar",
    "links": [
      "https://www.ccrecipes.com/recipe?recipe=FairyJar",
      "https://cubiccastles.fandom.com/wiki/FairyJar"
    ],
    "categories": []
  },
  {
    "name": "Falls Hunting Event 2021",
    "links": [
      "https://www.ccrecipes.com/recipe?recipe=Falls%20Hunting%20Event%202021",
      "https://cubiccastles.fandom.com/wiki/Falls_Hunting_Event_2021"
    ],
    "categories": []
  },
  {
    "name": "Fancy Cabinet",
    "links": [
      "https://www.ccrecipes.com/recipe?recipe=Fancy%20Cabinet",
      "https://cubiccastles.fandom.com/wiki/Fancy_Cabinet"
    ],
    "categories": []
  },
  {
    "name": "Fancy Chair",
    "links": [
      "https://www.ccrecipes.com/recipe?recipe=Fancy%20Chair",
      "https://cubiccastles.fandom.com/wiki/Fancy_Chair"
    ],
    "categories": []
  },
  {
    "name": "Fancy Flooring",
    "links": [
      "https://www.ccrecipes.com/recipe?recipe=Fancy%20Flooring",
      "https://cubiccastles.fandom.com/wiki/Fancy_Flooring"
    ],
    "categories": []
  },
  {
    "name": "Fancy Road",
    "links": [
      "https://www.ccrecipes.com/recipe?recipe=Fancy%20Road",
      "https://cubiccastles.fandom.com/wiki/Fancy_Road"
    ],
    "categories": []
  },
  {
    "name": "Fancy Table",
    "links": [
      "https://www.ccrecipes.com/recipe?recipe=Fancy%20Table",
      "https://cubiccastles.fandom.com/wiki/Fancy_Table"
    ],
    "categories": []
  },
  {
    "name": "Fancy Wood",
    "links": [
      "https://www.ccrecipes.com/recipe?recipe=Fancy%20Wood",
      "https://cubiccastles.fandom.com/wiki/Fancy_Wood"
    ],
    "categories": []
  },
  {
    "name": "FAQ",
    "links": [
      "https://www.ccrecipes.com/recipe?recipe=FAQ",
      "https://cubiccastles.fandom.com/wiki/FAQ"
    ],
    "categories": []
  },
  {
    "name": "Farm Hive",
    "links": [
      "https://www.ccrecipes.com/recipe?recipe=Farm%20Hive",
      "https://cubiccastles.fandom.com/wiki/Farm_Hive"
    ],
    "categories": []
  },
  {
    "name": "Farm Soil",
    "links": [
      "https://www.ccrecipes.com/recipe?recipe=Farm%20Soil",
      "https://cubiccastles.fandom.com/wiki/Farm_Soil"
    ],
    "categories": [
      "Tropical Mine",
      "Arctic Mine"
    ]
  },
  {
    "name": "Fast Geyser",
    "links": [
      "https://www.ccrecipes.com/recipe?recipe=Fast%20Geyser",
      "https://cubiccastles.fandom.com/wiki/Fast_Geyser"
    ],
    "categories": []
  },
  {
    "name": "Fez",
    "links": [
      "https://www.ccrecipes.com/recipe?recipe=Fez",
      "https://cubiccastles.fandom.com/wiki/Fez"
    ],
    "categories": []
  },
  {
    "name": "Fiber",
    "links": [
      "https://www.ccrecipes.com/recipe?recipe=Fiber",
      "https://cubiccastles.fandom.com/wiki/Fiber"
    ],
    "categories": []
  },
  {
    "name": "Fiber Rope",
    "links": [
      "https://www.ccrecipes.com/recipe?recipe=Fiber%20Rope",
      "https://cubiccastles.fandom.com/wiki/Fiber_Rope"
    ],
    "categories": []
  },
  {
    "name": "Fiery Potion",
    "links": [
      "https://www.ccrecipes.com/recipe?recipe=Fiery%20Potion",
      "https://cubiccastles.fandom.com/wiki/Fiery_Potion"
    ],
    "categories": []
  },
  {
    "name": "Finial Sandstone",
    "links": [
      "https://www.ccrecipes.com/recipe?recipe=Finial%20Sandstone",
      "https://cubiccastles.fandom.com/wiki/Finial_Sandstone"
    ],
    "categories": [
      "Tropical Mine",
      "Forest Mine",
      "Desert Mine",
      "Mountain Mines"
    ]
  },
  {
    "name": "Finial Sandstone page needed!",
    "links": [
      "https://www.ccrecipes.com/recipe?recipe=Finial%20Sandstone%20page%20needed%21",
      "https://cubiccastles.fandom.com/wiki/Finial_Sandstone"
    ],
    "categories": [
      "Tropical Mine",
      "Forest Mine",
      "Desert Mine",
      "Mountain Mines"
    ]
  },
  {
    "name": "Finial Stone",
    "links": [
      "https://www.ccrecipes.com/recipe?recipe=Finial%20Stone",
      "https://cubiccastles.fandom.com/wiki/Finial_Stone"
    ],
    "categories": [
      "Forest Mine",
      "Desert Mine",
      "Mountain Mines"
    ]
  },
  {
    "name": "Fish trophy",
    "links": [
      "https://www.ccrecipes.com/recipe?recipe=Fish%20trophy",
      "https://cubiccastles.fandom.com/wiki/Fish_trophy"
    ],
    "categories": []
  },
  {
    "name": "Fishing",
    "links": [
      "https://www.ccrecipes.com/recipe?recipe=Fishing",
      "https://cubiccastles.fandom.com/wiki/Fishing"
    ],
    "categories": []
  },
  {
    "name": "Flower",
    "links": [
      "https://www.ccrecipes.com/recipe?recipe=Flower",
      "https://cubiccastles.fandom.com/wiki/Flower"
    ],
    "categories": []
  },
  {
    "name": "Forest Mines",
    "links": [
      "https://www.ccrecipes.com/recipe?recipe=Forest%20Mines",
      "https://cubiccastles.fandom.com/wiki/Forest_Mines"
    ],
    "categories": [
      "Forest Mine"
    ]
  },
  {
    "name": "Forge",
    "links": [
      "https://www.ccrecipes.com/recipe?recipe=Forge",
      "https://cubiccastles.fandom.com/wiki/Forge"
    ],
    "categories": []
  },
  {
    "name": "Fossil",
    "links": [
      "https://www.ccrecipes.com/recipe?recipe=Fossil",
      "https://cubiccastles.fandom.com/wiki/Fossil"
    ],
    "categories": []
  },
  {
    "name": "Fox Ears",
    "links": [
      "https://www.ccrecipes.com/recipe?recipe=Fox%20Ears",
      "https://cubiccastles.fandom.com/wiki/Fox_Ears"
    ],
    "categories": []
  },
  {
    "name": "Fox Tail",
    "links": [
      "https://www.ccrecipes.com/recipe?recipe=Fox%20Tail",
      "https://cubiccastles.fandom.com/wiki/Fox_Tail"
    ],
    "categories": []
  },
  {
    "name": "Fridge",
    "links": [
      "https://www.ccrecipes.com/recipe?recipe=Fridge",
      "https://cubiccastles.fandom.com/wiki/Fridge"
    ],
    "categories": []
  },
  {
    "name": "Fries",
    "links": [
      "https://www.ccrecipes.com/recipe?recipe=Fries",
      "https://cubiccastles.fandom.com/wiki/Fries"
    ],
    "categories": []
  },
  {
    "name": "FrostBerries",
    "links": [
      "https://www.ccrecipes.com/recipe?recipe=FrostBerries",
      "https://cubiccastles.fandom.com/wiki/Frostberries"
    ],
    "categories": [
      "Arctic Mine"
    ]
  },
  {
    "name": "Fuse",
    "links": [
      "https://www.ccrecipes.com/recipe?recipe=Fuse",
      "https://cubiccastles.fandom.com/wiki/Fuse"
    ],
    "categories": []
  },
  {
    "name": "G",
    "links": [
      "https://www.ccrecipes.com/recipe?recipe=G",
      "https://cubiccastles.fandom.com/wiki/BBQ_Wing"
    ],
    "categories": []
  },
  {
    "name": "Gather Bumper",
    "links": [
      "https://www.ccrecipes.com/recipe?recipe=Gather%20Bumper",
      "https://cubiccastles.fandom.com/wiki/Gather_Bumper"
    ],
    "categories": []
  },
  {
    "name": "Geyser",
    "links": [
      "https://www.ccrecipes.com/recipe?recipe=Geyser",
      "https://cubiccastles.fandom.com/wiki/Geyser"
    ],
    "categories": []
  },
  {
    "name": "Geysers",
    "links": [
      "https://www.ccrecipes.com/recipe?recipe=Geysers",
      "https://cubiccastles.fandom.com/wiki/Geysers"
    ],
    "categories": []
  },
  {
    "name": "Ghost Dust",
    "links": [
      "https://www.ccrecipes.com/recipe?recipe=Ghost%20Dust",
      "https://cubiccastles.fandom.com/wiki/Ghost_Dust"
    ],
    "categories": []
  },
  {
    "name": "Ghost Gum",
    "links": [
      "https://www.ccrecipes.com/recipe?recipe=Ghost%20Gum",
      "https://cubiccastles.fandom.com/wiki/Ghost_Gum"
    ],
    "categories": []
  },
  {
    "name": "Gizmo",
    "links": [
      "https://www.ccrecipes.com/recipe?recipe=Gizmo",
      "https://cubiccastles.fandom.com/wiki/Gizmo"
    ],
    "categories": []
  },
  {
    "name": "Glass",
    "links": [
      "https://www.ccrecipes.com/recipe?recipe=Glass",
      "https://cubiccastles.fandom.com/wiki/Glass"
    ],
    "categories": []
  },
  {
    "name": "Glitches",
    "links": [
      "https://www.ccrecipes.com/recipe?recipe=Glitches",
      "https://cubiccastles.fandom.com/wiki/Glitches"
    ],
    "categories": []
  },
  {
    "name": "Glue",
    "links": [
      "https://www.ccrecipes.com/recipe?recipe=Glue",
      "https://cubiccastles.fandom.com/wiki/Glue"
    ],
    "categories": []
  },
  {
    "name": "Gold",
    "links": [
      "https://www.ccrecipes.com/recipe?recipe=Gold",
      "https://cubiccastles.fandom.com/wiki/Gold"
    ],
    "categories": [
      "Forest Mine",
      "Desert Mine",
      "Mountain Mines",
      "Arctic Mine"
    ]
  },
  {
    "name": "Gold Block",
    "links": [
      "https://www.ccrecipes.com/recipe?recipe=Gold%20Block",
      "https://cubiccastles.fandom.com/wiki/Gold_Block"
    ],
    "categories": [
      "Forest Mine",
      "Desert Mine",
      "Mountain Mines",
      "Arctic Mine"
    ]
  },
  {
    "name": "Gold Brick",
    "links": [
      "https://www.ccrecipes.com/recipe?recipe=Gold%20Brick",
      "https://cubiccastles.fandom.com/wiki/Gold_Brick"
    ],
    "categories": [
      "Forest Mine",
      "Desert Mine",
      "Mountain Mines",
      "Arctic Mine"
    ]
  },
  {
    "name": "Gold Plate",
    "links": [
      "https://www.ccrecipes.com/recipe?recipe=Gold%20Plate",
      "https://cubiccastles.fandom.com/wiki/Gold_Plate"
    ],
    "categories": [
      "Forest Mine",
      "Desert Mine",
      "Mountain Mines",
      "Arctic Mine"
    ]
  },
  {
    "name": "Golden Stairs",
    "links": [
      "https://www.ccrecipes.com/recipe?recipe=Golden%20Stairs",
      "https://cubiccastles.fandom.com/wiki/Golden_Stairs"
    ],
    "categories": [
      "Forest Mine",
      "Desert Mine",
      "Mountain Mines",
      "Arctic Mine"
    ]
  },
  {
    "name": "Golden Wand",
    "links": [
      "https://www.ccrecipes.com/recipe?recipe=Golden%20Wand",
      "https://cubiccastles.fandom.com/wiki/Golden_Wand"
    ],
    "categories": [
      "Forest Mine",
      "Desert Mine",
      "Mountain Mines",
      "Arctic Mine"
    ]
  },
  {
    "name": "Grass",
    "links": [
      "https://www.ccrecipes.com/recipe?recipe=Grass",
      "https://cubiccastles.fandom.com/wiki/Grass"
    ],
    "categories": [
      "Forest Mine"
    ]
  },
  {
    "name": "Green Dye",
    "links": [
      "https://www.ccrecipes.com/recipe?recipe=Green%20Dye",
      "https://cubiccastles.fandom.com/wiki/Green_Dye"
    ],
    "categories": []
  },
  {
    "name": "Green Goop",
    "links": [
      "https://www.ccrecipes.com/recipe?recipe=Green%20Goop",
      "https://cubiccastles.fandom.com/wiki/Green_Goop"
    ],
    "categories": []
  },
  {
    "name": "Grey Checker",
    "links": [
      "https://www.ccrecipes.com/recipe?recipe=Grey%20Checker",
      "https://cubiccastles.fandom.com/wiki/Grey_Checker"
    ],
    "categories": []
  },
  {
    "name": "Grey Dye",
    "links": [
      "https://www.ccrecipes.com/recipe?recipe=Grey%20Dye",
      "https://cubiccastles.fandom.com/wiki/Dye"
    ],
    "categories": []
  },
  {
    "name": "Guestbook",
    "links": [
      "https://www.ccrecipes.com/recipe?recipe=Guestbook",
      "https://cubiccastles.fandom.com/wiki/Guestbook"
    ],
    "categories": []
  },
  {
    "name": "Half blocks",
    "links": [
      "https://www.ccrecipes.com/recipe?recipe=Half%20blocks",
      "https://cubiccastles.fandom.com/wiki/Half_Grass/Recipe"
    ],
    "categories": [
      "Forest Mine"
    ]
  },
  {
    "name": "Half Checker",
    "links": [
      "https://www.ccrecipes.com/recipe?recipe=Half%20Checker",
      "https://cubiccastles.fandom.com/wiki/Half_Checker"
    ],
    "categories": []
  },
  {
    "name": "Half Clay",
    "links": [
      "https://www.ccrecipes.com/recipe?recipe=Half%20Clay",
      "https://cubiccastles.fandom.com/wiki/Half_Clay"
    ],
    "categories": []
  },
  {
    "name": "Half Coral",
    "links": [
      "https://www.ccrecipes.com/recipe?recipe=Half%20Coral",
      "https://cubiccastles.fandom.com/wiki/Half_Coral"
    ],
    "categories": [
      "Tropical Mine"
    ]
  },
  {
    "name": "Half Dirt",
    "links": [
      "https://www.ccrecipes.com/recipe?recipe=Half%20Dirt",
      "https://cubiccastles.fandom.com/wiki/Half_Dirt"
    ],
    "categories": [
      "Tropical Mine",
      "Forest Mine",
      "Desert Mine",
      "Arctic Mine"
    ]
  },
  {
    "name": "Half Grass",
    "links": [
      "https://www.ccrecipes.com/recipe?recipe=Half%20Grass",
      "https://cubiccastles.fandom.com/wiki/Half_Grass"
    ],
    "categories": [
      "Forest Mine"
    ]
  },
  {
    "name": "Half Mesa",
    "links": [
      "https://www.ccrecipes.com/recipe?recipe=Half%20Mesa",
      "https://cubiccastles.fandom.com/wiki/Half_Mesa"
    ],
    "categories": [
      "Desert Mine"
    ]
  },
  {
    "name": "Half Mountain Grass",
    "links": [
      "https://www.ccrecipes.com/recipe?recipe=Half%20Mountain%20Grass",
      "https://cubiccastles.fandom.com/wiki/Half_Mountain_Grass"
    ],
    "categories": [
      "Tropical Mine",
      "Forest Mine",
      "Mountain Mines",
      "Arctic Mine",
      "Mountain Mine"
    ]
  },
  {
    "name": "Half Plaster",
    "links": [
      "https://www.ccrecipes.com/recipe?recipe=Half%20Plaster",
      "https://cubiccastles.fandom.com/wiki/Half_Plaster"
    ],
    "categories": []
  },
  {
    "name": "Half Sand Block",
    "links": [
      "https://www.ccrecipes.com/recipe?recipe=Half%20Sand%20Block",
      "https://cubiccastles.fandom.com/wiki/Half_Sand_Block"
    ],
    "categories": [
      "Tropical Mine",
      "Desert Mine"
    ]
  },
  {
    "name": "Half Sandstone",
    "links": [
      "https://www.ccrecipes.com/recipe?recipe=Half%20Sandstone",
      "https://cubiccastles.fandom.com/wiki/Half_Sandstone"
    ],
    "categories": [
      "Tropical Mine",
      "Forest Mine",
      "Desert Mine",
      "Mountain Mines"
    ]
  },
  {
    "name": "Half Sandy block",
    "links": [
      "https://www.ccrecipes.com/recipe?recipe=Half%20Sandy%20block",
      "https://cubiccastles.fandom.com/wiki/Half_Sandy_block"
    ],
    "categories": [
      "Tropical Mine",
      "Desert Mine"
    ]
  },
  {
    "name": "Half Sandy Brick",
    "links": [
      "https://www.ccrecipes.com/recipe?recipe=Half%20Sandy%20Brick",
      "https://cubiccastles.fandom.com/wiki/Half_Sandy_Brick"
    ],
    "categories": [
      "Tropical Mine",
      "Desert Mine"
    ]
  },
  {
    "name": "Hammer",
    "links": [
      "https://www.ccrecipes.com/recipe?recipe=Hammer",
      "https://cubiccastles.fandom.com/wiki/Hammer"
    ],
    "categories": []
  },
  {
    "name": "Hammers",
    "links": [
      "https://www.ccrecipes.com/recipe?recipe=Hammers",
      "https://cubiccastles.fandom.com/wiki/Hammer"
    ],
    "categories": []
  },
  {
    "name": "Harm Wand",
    "links": [
      "https://www.ccrecipes.com/recipe?recipe=Harm%20Wand",
      "https://cubiccastles.fandom.com/wiki/Harm_Wand"
    ],
    "categories": []
  },
  {
    "name": "Hat",
    "links": [
      "https://www.ccrecipes.com/recipe?recipe=Hat",
      "https://cubiccastles.fandom.com/wiki/Brave_Hat"
    ],
    "categories": []
  },
  {
    "name": "Heal Bumper",
    "links": [
      "https://www.ccrecipes.com/recipe?recipe=Heal%20Bumper",
      "https://cubiccastles.fandom.com/wiki/Heal_Bumper"
    ],
    "categories": []
  },
  {
    "name": "Heal Wand",
    "links": [
      "https://www.ccrecipes.com/recipe?recipe=Heal%20Wand",
      "https://cubiccastles.fandom.com/wiki/Heal_Wand"
    ],
    "categories": []
  },
  {
    "name": "Healing Block",
    "links": [
      "https://www.ccrecipes.com/recipe?recipe=Healing%20Block",
      "https://cubiccastles.fandom.com/wiki/Healing_Block"
    ],
    "categories": []
  },
  {
    "name": "Hidden Gift",
    "links": [
      "https://www.ccrecipes.com/recipe?recipe=Hidden%20Gift",
      "https://cubiccastles.fandom.com/wiki/Hidden_Gift"
    ],
    "categories": []
  },
  {
    "name": "Hidey Bumper",
    "links": [
      "https://www.ccrecipes.com/recipe?recipe=Hidey%20Bumper",
      "https://cubiccastles.fandom.com/wiki/Hidey_Bumper"
    ],
    "categories": []
  },
  {
    "name": "Horizontal AcelloRing",
    "links": [
      "https://www.ccrecipes.com/recipe?recipe=Horizontal%20AcelloRing",
      "https://cubiccastles.fandom.com/wiki/Horizontal_AcelloRing"
    ],
    "categories": []
  },
  {
    "name": "How do you make bomb",
    "links": [
      "https://www.ccrecipes.com/recipe?recipe=How%20do%20you%20make%20bomb",
      "https://cubiccastles.fandom.com/wiki/Bomb"
    ],
    "categories": []
  },
  {
    "name": "How To Make Plaster",
    "links": [
      "https://www.ccrecipes.com/recipe?recipe=How%20To%20Make%20Plaster",
      "https://cubiccastles.fandom.com/wiki/Half_Plaster"
    ],
    "categories": []
  },
  {
    "name": "Hunting Bush",
    "links": [
      "https://www.ccrecipes.com/recipe?recipe=Hunting%20Bush",
      "https://cubiccastles.fandom.com/wiki/Hunting_Bush"
    ],
    "categories": [
      "Tropical Mine"
    ]
  },
  {
    "name": "Hunting Net",
    "links": [
      "https://www.ccrecipes.com/recipe?recipe=Hunting%20Net",
      "https://cubiccastles.fandom.com/wiki/Hunting_Net"
    ],
    "categories": []
  },
  {
    "name": "Ice",
    "links": [
      "https://www.ccrecipes.com/recipe?recipe=Ice",
      "https://cubiccastles.fandom.com/wiki/Ice"
    ],
    "categories": [
      "Mountain Mines",
      "Arctic Mine"
    ]
  },
  {
    "name": "Ice Boulder",
    "links": [
      "https://www.ccrecipes.com/recipe?recipe=Ice%20Boulder",
      "https://cubiccastles.fandom.com/wiki/Ice_Boulder"
    ],
    "categories": [
      "Mountain Mines",
      "Arctic Mine"
    ]
  },
  {
    "name": "Imp Tail",
    "links": [
      "https://www.ccrecipes.com/recipe?recipe=Imp%20Tail",
      "https://cubiccastles.fandom.com/wiki/Imp_Tail"
    ],
    "categories": []
  },
  {
    "name": "Info Bumper",
    "links": [
      "https://www.ccrecipes.com/recipe?recipe=Info%20Bumper",
      "https://cubiccastles.fandom.com/wiki/Info_Bumper"
    ],
    "categories": []
  },
  {
    "name": "Invisibility Cloak",
    "links": [
      "https://www.ccrecipes.com/recipe?recipe=Invisibility%20Cloak",
      "https://cubiccastles.fandom.com/wiki/Invisibility_Cloak"
    ],
    "categories": []
  },
  {
    "name": "Iron",
    "links": [
      "https://www.ccrecipes.com/recipe?recipe=Iron",
      "https://cubiccastles.fandom.com/wiki/Iron"
    ],
    "categories": [
      "Forest Mine",
      "Desert Mine",
      "Mountain Mines",
      "Arctic Mine"
    ]
  },
  {
    "name": "Iron Block",
    "links": [
      "https://www.ccrecipes.com/recipe?recipe=Iron%20Block",
      "https://cubiccastles.fandom.com/wiki/Iron_Block"
    ],
    "categories": [
      "Forest Mine",
      "Desert Mine",
      "Mountain Mines",
      "Arctic Mine"
    ]
  },
  {
    "name": "Iron Pole",
    "links": [
      "https://www.ccrecipes.com/recipe?recipe=Iron%20Pole",
      "https://cubiccastles.fandom.com/wiki/Iron_Pole"
    ],
    "categories": [
      "Forest Mine",
      "Desert Mine",
      "Mountain Mines",
      "Arctic Mine"
    ]
  },
  {
    "name": "Iron Stairs",
    "links": [
      "https://www.ccrecipes.com/recipe?recipe=Iron%20Stairs",
      "https://cubiccastles.fandom.com/wiki/Iron_Stairs"
    ],
    "categories": [
      "Forest Mine",
      "Desert Mine",
      "Mountain Mines",
      "Arctic Mine"
    ]
  },
  {
    "name": "Is it just me or are 2023 Easter Pows better?",
    "links": [
      "https://www.ccrecipes.com/recipe?recipe=Is%20it%20just%20me%20or%20are%202023%20Easter%20Pows%20better%3F",
      "https://cubiccastles.fandom.com/wiki/Easter_Umbrella"
    ],
    "categories": []
  },
  {
    "name": "It's AWSOME",
    "links": [
      "https://www.ccrecipes.com/recipe?recipe=It%27s%20AWSOME",
      "https://cubiccastles.fandom.com/wiki/Boy%27s_Starter_Gift"
    ],
    "categories": []
  },
  {
    "name": "Items made by cooking",
    "links": [
      "https://www.ccrecipes.com/recipe?recipe=Items%20made%20by%20cooking",
      "https://cubiccastles.fandom.com/wiki/Cooking_Oil"
    ],
    "categories": [
      "Arctic Mine"
    ]
  },
  {
    "name": "Items naturally generated in Arctic mines",
    "links": [
      "https://www.ccrecipes.com/recipe?recipe=Items%20naturally%20generated%20in%20Arctic%20mines",
      "https://cubiccastles.fandom.com/wiki/Arctic"
    ],
    "categories": [
      "Arctic Mine"
    ]
  },
  {
    "name": "Items naturally generated in deep forest mines",
    "links": [
      "https://www.ccrecipes.com/recipe?recipe=Items%20naturally%20generated%20in%20deep%20forest%20mines",
      "https://cubiccastles.fandom.com/wiki/Forest_Mines"
    ],
    "categories": [
      "Forest Mine"
    ]
  },
  {
    "name": "Items naturally generated in desert mines",
    "links": [
      "https://www.ccrecipes.com/recipe?recipe=Items%20naturally%20generated%20in%20desert%20mines",
      "https://cubiccastles.fandom.com/wiki/Desert"
    ],
    "categories": [
      "Desert Mine"
    ]
  },
  {
    "name": "Items naturally generated in forest mines",
    "links": [
      "https://www.ccrecipes.com/recipe?recipe=Items%20naturally%20generated%20in%20forest%20mines",
      "https://cubiccastles.fandom.com/wiki/Forest_Mines"
    ],
    "categories": [
      "Forest Mine"
    ]
  },
  {
    "name": "Items naturally generated in mines",
    "links": [
      "https://www.ccrecipes.com/recipe?recipe=Items%20naturally%20generated%20in%20mines",
      "https://cubiccastles.fandom.com/wiki/Arctic_Mines"
    ],
    "categories": []
  },
  {
    "name": "Items naturally generated in mountain mines",
    "links": [
      "https://www.ccrecipes.com/recipe?recipe=Items%20naturally%20generated%20in%20mountain%20mines",
      "https://cubiccastles.fandom.com/wiki/Mountain"
    ],
    "categories": [
      "Tropical Mine",
      "Mountain Mines",
      "Arctic Mine",
      "Mountain Mine"
    ]
  },
  {
    "name": "Items naturally generated in starter realms",
    "links": [
      "https://www.ccrecipes.com/recipe?recipe=Items%20naturally%20generated%20in%20starter%20realms",
      "https://cubiccastles.fandom.com/wiki/Boy%27s_Starter_Gift"
    ],
    "categories": []
  },
  {
    "name": "Items naturally generated in tropical mines",
    "links": [
      "https://www.ccrecipes.com/recipe?recipe=Items%20naturally%20generated%20in%20tropical%20mines",
      "https://cubiccastles.fandom.com/wiki/Arctic_Mines"
    ],
    "categories": [
      "Tropical Mine"
    ]
  },
  {
    "name": "Items used as materials in recipes",
    "links": [
      "https://www.ccrecipes.com/recipe?recipe=Items%20used%20as%20materials%20in%20recipes",
      "https://cubiccastles.fandom.com/wiki/Material"
    ],
    "categories": []
  },
  {
    "name": "Jackpot",
    "links": [
      "https://www.ccrecipes.com/recipe?recipe=Jackpot",
      "https://cubiccastles.fandom.com/wiki/Jackpot"
    ],
    "categories": []
  },
  {
    "name": "Knife",
    "links": [
      "https://www.ccrecipes.com/recipe?recipe=Knife",
      "https://cubiccastles.fandom.com/wiki/Knife"
    ],
    "categories": []
  },
  {
    "name": "Knockback Wand",
    "links": [
      "https://www.ccrecipes.com/recipe?recipe=Knockback%20Wand",
      "https://cubiccastles.fandom.com/wiki/Knockback_Wand"
    ],
    "categories": []
  },
  {
    "name": "Krampus",
    "links": [
      "https://www.ccrecipes.com/recipe?recipe=Krampus",
      "https://cubiccastles.fandom.com/wiki/Krampus"
    ],
    "categories": []
  },
  {
    "name": "Laser Cutter",
    "links": [
      "https://www.ccrecipes.com/recipe?recipe=Laser%20Cutter",
      "https://cubiccastles.fandom.com/wiki/Laser_Cutter"
    ],
    "categories": []
  },
  {
    "name": "Lava",
    "links": [
      "https://www.ccrecipes.com/recipe?recipe=Lava",
      "https://cubiccastles.fandom.com/wiki/Lava"
    ],
    "categories": [
      "Tropical Mine"
    ]
  },
  {
    "name": "Lava Rug",
    "links": [
      "https://www.ccrecipes.com/recipe?recipe=Lava%20Rug",
      "https://cubiccastles.fandom.com/wiki/Lava_Rug"
    ],
    "categories": [
      "Tropical Mine"
    ]
  },
  {
    "name": "Left Sign",
    "links": [
      "https://www.ccrecipes.com/recipe?recipe=Left%20Sign",
      "https://cubiccastles.fandom.com/wiki/Left_Sign"
    ],
    "categories": []
  },
  {
    "name": "Life Block",
    "links": [
      "https://www.ccrecipes.com/recipe?recipe=Life%20Block",
      "https://cubiccastles.fandom.com/wiki/Life_block"
    ],
    "categories": []
  },
  {
    "name": "Life Force",
    "links": [
      "https://www.ccrecipes.com/recipe?recipe=Life%20Force",
      "https://cubiccastles.fandom.com/wiki/Life_Force"
    ],
    "categories": []
  },
  {
    "name": "Life/hearts",
    "links": [
      "https://www.ccrecipes.com/recipe?recipe=Life/hearts",
      "https://cubiccastles.fandom.com/wiki/Life/hearts"
    ],
    "categories": []
  },
  {
    "name": "Lily Pad",
    "links": [
      "https://www.ccrecipes.com/recipe?recipe=Lily%20Pad",
      "https://cubiccastles.fandom.com/wiki/Lily_Pad"
    ],
    "categories": []
  },
  {
    "name": "List Of Bumpers",
    "links": [
      "https://www.ccrecipes.com/recipe?recipe=List%20Of%20Bumpers",
      "https://cubiccastles.fandom.com/wiki/List_Of_Bumpers"
    ],
    "categories": []
  },
  {
    "name": "List Of Important Blocks",
    "links": [
      "https://www.ccrecipes.com/recipe?recipe=List%20Of%20Important%20Blocks",
      "https://cubiccastles.fandom.com/wiki/List_Of_Important_Blocks"
    ],
    "categories": []
  },
  {
    "name": "Lobby",
    "links": [
      "https://www.ccrecipes.com/recipe?recipe=Lobby",
      "https://cubiccastles.fandom.com/wiki/Lobby"
    ],
    "categories": []
  },
  {
    "name": "Magic",
    "links": [
      "https://www.ccrecipes.com/recipe?recipe=Magic",
      "https://cubiccastles.fandom.com/wiki/Magic_Dust"
    ],
    "categories": []
  },
  {
    "name": "Magic Dust",
    "links": [
      "https://www.ccrecipes.com/recipe?recipe=Magic%20Dust",
      "https://cubiccastles.fandom.com/wiki/Magic_Dust"
    ],
    "categories": []
  },
  {
    "name": "Magic Gems",
    "links": [
      "https://www.ccrecipes.com/recipe?recipe=Magic%20Gems",
      "https://cubiccastles.fandom.com/wiki/Magic_Gems"
    ],
    "categories": []
  },
  {
    "name": "Magical Potion",
    "links": [
      "https://www.ccrecipes.com/recipe?recipe=Magical%20Potion",
      "https://cubiccastles.fandom.com/wiki/Magical_Potion"
    ],
    "categories": []
  },
  {
    "name": "Magnet",
    "links": [
      "https://www.ccrecipes.com/recipe?recipe=Magnet",
      "https://cubiccastles.fandom.com/wiki/Magnet"
    ],
    "categories": []
  },
  {
    "name": "Material",
    "links": [
      "https://www.ccrecipes.com/recipe?recipe=Material",
      "https://cubiccastles.fandom.com/wiki/Material"
    ],
    "categories": []
  },
  {
    "name": "Materials",
    "links": [
      "https://www.ccrecipes.com/recipe?recipe=Materials",
      "https://cubiccastles.fandom.com/wiki/Material"
    ],
    "categories": []
  },
  {
    "name": "Mattress",
    "links": [
      "https://www.ccrecipes.com/recipe?recipe=Mattress",
      "https://cubiccastles.fandom.com/wiki/Mattress"
    ],
    "categories": []
  },
  {
    "name": "Mech Spike Plate",
    "links": [
      "https://www.ccrecipes.com/recipe?recipe=Mech%20Spike%20Plate",
      "https://cubiccastles.fandom.com/wiki/Mech_Spike_Plate"
    ],
    "categories": []
  },
  {
    "name": "Mecho-Spikes Blue",
    "links": [
      "https://www.ccrecipes.com/recipe?recipe=Mecho-Spikes%20Blue",
      "https://cubiccastles.fandom.com/wiki/Mecho-Spikes_Blue"
    ],
    "categories": []
  },
  {
    "name": "Mecho-Spikes Yellow",
    "links": [
      "https://www.ccrecipes.com/recipe?recipe=Mecho-Spikes%20Yellow",
      "https://cubiccastles.fandom.com/wiki/Mecho-Spikes_Yellow"
    ],
    "categories": []
  },
  {
    "name": "Mesa",
    "links": [
      "https://www.ccrecipes.com/recipe?recipe=Mesa",
      "https://cubiccastles.fandom.com/wiki/Mesa"
    ],
    "categories": [
      "Desert Mine"
    ]
  },
  {
    "name": "Mesa Top",
    "links": [
      "https://www.ccrecipes.com/recipe?recipe=Mesa%20Top",
      "https://cubiccastles.fandom.com/wiki/Mesa_Top"
    ],
    "categories": [
      "Desert Mine"
    ]
  },
  {
    "name": "Metal Plate",
    "links": [
      "https://www.ccrecipes.com/recipe?recipe=Metal%20Plate",
      "https://cubiccastles.fandom.com/wiki/Metal_Plate"
    ],
    "categories": []
  },
  {
    "name": "Mineral deposit",
    "links": [
      "https://www.ccrecipes.com/recipe?recipe=Mineral%20deposit",
      "https://cubiccastles.fandom.com/wiki/Mineral_deposit"
    ],
    "categories": []
  },
  {
    "name": "Mines",
    "links": [
      "https://www.ccrecipes.com/recipe?recipe=Mines",
      "https://cubiccastles.fandom.com/wiki/Arctic_Mines"
    ],
    "categories": []
  },
  {
    "name": "Mortar And Pestle",
    "links": [
      "https://www.ccrecipes.com/recipe?recipe=Mortar%20And%20Pestle",
      "https://cubiccastles.fandom.com/wiki/Mortar_and_Pestle"
    ],
    "categories": []
  },
  {
    "name": "Mosaic Floor",
    "links": [
      "https://www.ccrecipes.com/recipe?recipe=Mosaic%20Floor",
      "https://cubiccastles.fandom.com/wiki/Mosaic_Floor"
    ],
    "categories": []
  },
  {
    "name": "Mountain",
    "links": [
      "https://www.ccrecipes.com/recipe?recipe=Mountain",
      "https://cubiccastles.fandom.com/wiki/Mountain"
    ],
    "categories": [
      "Tropical Mine",
      "Mountain Mines",
      "Arctic Mine",
      "Mountain Mine"
    ]
  },
  {
    "name": "Mountain Boulder",
    "links": [
      "https://www.ccrecipes.com/recipe?recipe=Mountain%20Boulder",
      "https://cubiccastles.fandom.com/wiki/Mountain_Boulder"
    ],
    "categories": [
      "Tropical Mine",
      "Mountain Mines",
      "Arctic Mine",
      "Mountain Mine"
    ]
  },
  {
    "name": "Mountain Grass",
    "links": [
      "https://www.ccrecipes.com/recipe?recipe=Mountain%20Grass",
      "https://cubiccastles.fandom.com/wiki/Mountain_Grass"
    ],
    "categories": [
      "Tropical Mine",
      "Forest Mine",
      "Mountain Mines",
      "Arctic Mine",
      "Mountain Mine"
    ]
  },
  {
    "name": "Mountain Mines",
    "links": [
      "https://www.ccrecipes.com/recipe?recipe=Mountain%20Mines",
      "https://cubiccastles.fandom.com/wiki/Mountain_Mines"
    ],
    "categories": [
      "Tropical Mine",
      "Mountain Mines",
      "Arctic Mine",
      "Mountain Mine"
    ]
  },
  {
    "name": "Mud",
    "links": [
      "https://www.ccrecipes.com/recipe?recipe=Mud",
      "https://cubiccastles.fandom.com/wiki/Mud"
    ],
    "categories": [
      "Forest Mine",
      "Desert Mine"
    ]
  },
  {
    "name": "Mud Cake",
    "links": [
      "https://www.ccrecipes.com/recipe?recipe=Mud%20Cake",
      "https://cubiccastles.fandom.com/wiki/Mud_Cake"
    ],
    "categories": [
      "Forest Mine",
      "Desert Mine"
    ]
  },
  {
    "name": "Mushroom",
    "links": [
      "https://www.ccrecipes.com/recipe?recipe=Mushroom",
      "https://cubiccastles.fandom.com/wiki/Mushroom"
    ],
    "categories": []
  },
  {
    "name": "Mushroom Patch",
    "links": [
      "https://www.ccrecipes.com/recipe?recipe=Mushroom%20Patch",
      "https://cubiccastles.fandom.com/wiki/Mushroom_Patch"
    ],
    "categories": []
  },
  {
    "name": "Mute Bumper",
    "links": [
      "https://www.ccrecipes.com/recipe?recipe=Mute%20Bumper",
      "https://cubiccastles.fandom.com/wiki/Mute_Bumper"
    ],
    "categories": []
  },
  {
    "name": "Natural Mines",
    "links": [
      "https://www.ccrecipes.com/recipe?recipe=Natural%20Mines",
      "https://cubiccastles.fandom.com/wiki/Natural_Mines"
    ],
    "categories": []
  },
  {
    "name": "Nature",
    "links": [
      "https://www.ccrecipes.com/recipe?recipe=Nature",
      "https://cubiccastles.fandom.com/wiki/Adventure"
    ],
    "categories": []
  },
  {
    "name": "Nest",
    "links": [
      "https://www.ccrecipes.com/recipe?recipe=Nest",
      "https://cubiccastles.fandom.com/wiki/Nest"
    ],
    "categories": []
  },
  {
    "name": "New Cabinet",
    "links": [
      "https://www.ccrecipes.com/recipe?recipe=New%20Cabinet",
      "https://cubiccastles.fandom.com/wiki/New_Cabinet"
    ],
    "categories": []
  },
  {
    "name": "New Pictures",
    "links": [
      "https://www.ccrecipes.com/recipe?recipe=New%20Pictures",
      "https://cubiccastles.fandom.com/wiki/New_Cabinet/Recipe"
    ],
    "categories": []
  },
  {
    "name": "New Wood Block",
    "links": [
      "https://www.ccrecipes.com/recipe?recipe=New%20Wood%20Block",
      "https://cubiccastles.fandom.com/wiki/New_Wood_Block"
    ],
    "categories": []
  },
  {
    "name": "New Wood Chair",
    "links": [
      "https://www.ccrecipes.com/recipe?recipe=New%20Wood%20Chair",
      "https://cubiccastles.fandom.com/wiki/New_Wood_Chair"
    ],
    "categories": []
  },
  {
    "name": "New Wood Shelf",
    "links": [
      "https://www.ccrecipes.com/recipe?recipe=New%20Wood%20Shelf",
      "https://cubiccastles.fandom.com/wiki/New_Wood_Shelf"
    ],
    "categories": []
  },
  {
    "name": "New Wood Stairs",
    "links": [
      "https://www.ccrecipes.com/recipe?recipe=New%20Wood%20Stairs",
      "https://cubiccastles.fandom.com/wiki/New_Wood_Stairs"
    ],
    "categories": []
  },
  {
    "name": "New Wood Table",
    "links": [
      "https://www.ccrecipes.com/recipe?recipe=New%20Wood%20Table",
      "https://cubiccastles.fandom.com/wiki/New_Wood_Table"
    ],
    "categories": []
  },
  {
    "name": "News",
    "links": [
      "https://www.ccrecipes.com/recipe?recipe=News",
      "https://cubiccastles.fandom.com/wiki/News"
    ],
    "categories": []
  },
  {
    "name": "Night Table",
    "links": [
      "https://www.ccrecipes.com/recipe?recipe=Night%20Table",
      "https://cubiccastles.fandom.com/wiki/Night_Table"
    ],
    "categories": []
  },
  {
    "name": "No-Littering Block",
    "links": [
      "https://www.ccrecipes.com/recipe?recipe=No-Littering%20Block",
      "https://cubiccastles.fandom.com/wiki/No-Littering_Block"
    ],
    "categories": []
  },
  {
    "name": "Non-solid blocks",
    "links": [
      "https://www.ccrecipes.com/recipe?recipe=Non-solid%20blocks",
      "https://cubiccastles.fandom.com/wiki/List_Of_Important_Blocks"
    ],
    "categories": []
  },
  {
    "name": "Nuke",
    "links": [
      "https://www.ccrecipes.com/recipe?recipe=Nuke",
      "https://cubiccastles.fandom.com/wiki/Nuke"
    ],
    "categories": []
  },
  {
    "name": "Null",
    "links": [
      "https://www.ccrecipes.com/recipe?recipe=Null",
      "https://cubiccastles.fandom.com/wiki/Null"
    ],
    "categories": []
  },
  {
    "name": "Oil",
    "links": [
      "https://www.ccrecipes.com/recipe?recipe=Oil",
      "https://cubiccastles.fandom.com/wiki/Oil"
    ],
    "categories": [
      "Arctic Mine"
    ]
  },
  {
    "name": "Old Cabinet",
    "links": [
      "https://www.ccrecipes.com/recipe?recipe=Old%20Cabinet",
      "https://cubiccastles.fandom.com/wiki/Old_Cabinet"
    ],
    "categories": []
  },
  {
    "name": "Old Fence",
    "links": [
      "https://www.ccrecipes.com/recipe?recipe=Old%20Fence",
      "https://cubiccastles.fandom.com/wiki/Old_Fence"
    ],
    "categories": []
  },
  {
    "name": "Old Wood Block",
    "links": [
      "https://www.ccrecipes.com/recipe?recipe=Old%20Wood%20Block",
      "https://cubiccastles.fandom.com/wiki/Old_Wood_Block"
    ],
    "categories": []
  },
  {
    "name": "Old Wood Chair",
    "links": [
      "https://www.ccrecipes.com/recipe?recipe=Old%20Wood%20Chair",
      "https://cubiccastles.fandom.com/wiki/Old_Wood_Chair"
    ],
    "categories": []
  },
  {
    "name": "Old Wood Shelf",
    "links": [
      "https://www.ccrecipes.com/recipe?recipe=Old%20Wood%20Shelf",
      "https://cubiccastles.fandom.com/wiki/New_Wood_Block/Recipe"
    ],
    "categories": []
  },
  {
    "name": "Old Wood Table",
    "links": [
      "https://www.ccrecipes.com/recipe?recipe=Old%20Wood%20Table",
      "https://cubiccastles.fandom.com/wiki/New_Wood_Block/Recipe"
    ],
    "categories": []
  },
  {
    "name": "Orange Dye",
    "links": [
      "https://www.ccrecipes.com/recipe?recipe=Orange%20Dye",
      "https://cubiccastles.fandom.com/wiki/Dye"
    ],
    "categories": []
  },
  {
    "name": "Orange Shirt",
    "links": [
      "https://www.ccrecipes.com/recipe?recipe=Orange%20Shirt",
      "https://cubiccastles.fandom.com/wiki/Half_Orange_Plaster"
    ],
    "categories": []
  },
  {
    "name": "Pedestrian Block",
    "links": [
      "https://www.ccrecipes.com/recipe?recipe=Pedestrian%20Block",
      "https://cubiccastles.fandom.com/wiki/Clay_Block"
    ],
    "categories": []
  },
  {
    "name": "Phantom Foam",
    "links": [
      "https://www.ccrecipes.com/recipe?recipe=Phantom%20Foam",
      "https://cubiccastles.fandom.com/wiki/Blue_Fadey_Foam/Recipe"
    ],
    "categories": []
  },
  {
    "name": "Pink Coral",
    "links": [
      "https://www.ccrecipes.com/recipe?recipe=Pink%20Coral",
      "https://cubiccastles.fandom.com/wiki/Coral"
    ],
    "categories": [
      "Tropical Mine"
    ]
  },
  {
    "name": "Pink Dye",
    "links": [
      "https://www.ccrecipes.com/recipe?recipe=Pink%20Dye",
      "https://cubiccastles.fandom.com/wiki/Dye"
    ],
    "categories": []
  },
  {
    "name": "Planks",
    "links": [
      "https://www.ccrecipes.com/recipe?recipe=Planks",
      "https://cubiccastles.fandom.com/wiki/New_Wood_Planks"
    ],
    "categories": []
  },
  {
    "name": "Plaster",
    "links": [
      "https://www.ccrecipes.com/recipe?recipe=Plaster",
      "https://cubiccastles.fandom.com/wiki/Half_Green_Plaster"
    ],
    "categories": []
  },
  {
    "name": "Purple Dye",
    "links": [
      "https://www.ccrecipes.com/recipe?recipe=Purple%20Dye",
      "https://cubiccastles.fandom.com/wiki/Dye"
    ],
    "categories": []
  },
  {
    "name": "Purple Magic Gem",
    "links": [
      "https://www.ccrecipes.com/recipe?recipe=Purple%20Magic%20Gem",
      "https://cubiccastles.fandom.com/wiki/Magic_Dust"
    ],
    "categories": []
  },
  {
    "name": "Race Blocks",
    "links": [
      "https://www.ccrecipes.com/recipe?recipe=Race%20Blocks",
      "https://cubiccastles.fandom.com/wiki/List_Of_Important_Blocks"
    ],
    "categories": []
  },
  {
    "name": "Rating Block",
    "links": [
      "https://www.ccrecipes.com/recipe?recipe=Rating%20Block",
      "https://cubiccastles.fandom.com/wiki/Custom_Block/Recipe"
    ],
    "categories": []
  },
  {
    "name": "Raw Clay",
    "links": [
      "https://www.ccrecipes.com/recipe?recipe=Raw%20Clay",
      "https://cubiccastles.fandom.com/wiki/Clay_Brick/Recipe"
    ],
    "categories": []
  },
  {
    "name": "Raw Coal",
    "links": [
      "https://www.ccrecipes.com/recipe?recipe=Raw%20Coal",
      "https://cubiccastles.fandom.com/wiki/Coal"
    ],
    "categories": [
      "Forest Mine",
      "Desert Mine",
      "Mountain Mines",
      "Arctic Mine"
    ]
  },
  {
    "name": "Raw Gold",
    "links": [
      "https://www.ccrecipes.com/recipe?recipe=Raw%20Gold",
      "https://cubiccastles.fandom.com/wiki/Gold"
    ],
    "categories": [
      "Forest Mine",
      "Desert Mine",
      "Mountain Mines",
      "Arctic Mine"
    ]
  },
  {
    "name": "Raw ingredients & tools",
    "links": [
      "https://www.ccrecipes.com/recipe?recipe=Raw%20ingredients%20%26%20tools",
      "https://cubiccastles.fandom.com/wiki/Crafting_tools"
    ],
    "categories": []
  },
  {
    "name": "Raw Iron",
    "links": [
      "https://www.ccrecipes.com/recipe?recipe=Raw%20Iron",
      "https://cubiccastles.fandom.com/wiki/Iron"
    ],
    "categories": [
      "Forest Mine",
      "Desert Mine",
      "Mountain Mines",
      "Arctic Mine"
    ]
  },
  {
    "name": "Raw Stone",
    "links": [
      "https://www.ccrecipes.com/recipe?recipe=Raw%20Stone",
      "https://cubiccastles.fandom.com/wiki/Finial_Stone/Recipe1"
    ],
    "categories": [
      "Forest Mine",
      "Desert Mine",
      "Mountain Mines"
    ]
  },
  {
    "name": "Red Baseball Cap",
    "links": [
      "https://www.ccrecipes.com/recipe?recipe=Red%20Baseball%20Cap",
      "https://cubiccastles.fandom.com/wiki/Blue_Baseball_Cap"
    ],
    "categories": []
  },
  {
    "name": "Red Brick",
    "links": [
      "https://www.ccrecipes.com/recipe?recipe=Red%20Brick",
      "https://cubiccastles.fandom.com/wiki/Blue_Brick/Recipe"
    ],
    "categories": []
  },
  {
    "name": "Red Brick Stairs",
    "links": [
      "https://www.ccrecipes.com/recipe?recipe=Red%20Brick%20Stairs",
      "https://cubiccastles.fandom.com/wiki/Blue_Brick"
    ],
    "categories": []
  },
  {
    "name": "Red Cowl",
    "links": [
      "https://www.ccrecipes.com/recipe?recipe=Red%20Cowl",
      "https://cubiccastles.fandom.com/wiki/Cowl"
    ],
    "categories": []
  },
  {
    "name": "Red Dye",
    "links": [
      "https://www.ccrecipes.com/recipe?recipe=Red%20Dye",
      "https://cubiccastles.fandom.com/wiki/Dye"
    ],
    "categories": []
  },
  {
    "name": "Refined Iron",
    "links": [
      "https://www.ccrecipes.com/recipe?recipe=Refined%20Iron",
      "https://cubiccastles.fandom.com/wiki/Iron"
    ],
    "categories": [
      "Forest Mine",
      "Desert Mine",
      "Mountain Mines",
      "Arctic Mine"
    ]
  },
  {
    "name": "Refined Iron Ball",
    "links": [
      "https://www.ccrecipes.com/recipe?recipe=Refined%20Iron%20Ball",
      "https://cubiccastles.fandom.com/wiki/Iron"
    ],
    "categories": [
      "Forest Mine",
      "Desert Mine",
      "Mountain Mines",
      "Arctic Mine"
    ]
  },
  {
    "name": "Robin Hood Hat",
    "links": [
      "https://www.ccrecipes.com/recipe?recipe=Robin%20Hood%20Hat",
      "https://cubiccastles.fandom.com/wiki/Brave_Hat"
    ],
    "categories": []
  },
  {
    "name": "Rope",
    "links": [
      "https://www.ccrecipes.com/recipe?recipe=Rope",
      "https://cubiccastles.fandom.com/wiki/Fiber_Rope"
    ],
    "categories": []
  },
  {
    "name": "Round Neck Pot",
    "links": [
      "https://www.ccrecipes.com/recipe?recipe=Round%20Neck%20Pot",
      "https://cubiccastles.fandom.com/wiki/Desk_Pot"
    ],
    "categories": []
  },
  {
    "name": "Rubber Tree Leaves",
    "links": [
      "https://www.ccrecipes.com/recipe?recipe=Rubber%20Tree%20Leaves",
      "https://cubiccastles.fandom.com/wiki/Dead_Tree"
    ],
    "categories": [
      "Tropical Mine",
      "Forest Mine"
    ]
  },
  {
    "name": "Ruby Block",
    "links": [
      "https://www.ccrecipes.com/recipe?recipe=Ruby%20Block",
      "https://cubiccastles.fandom.com/wiki/Custom_Block/Recipe"
    ],
    "categories": [
      "Tropical Mine"
    ]
  },
  {
    "name": "S",
    "links": [
      "https://www.ccrecipes.com/recipe?recipe=S",
      "https://cubiccastles.fandom.com/wiki/Beeswax"
    ],
    "categories": [
      "Forest Mine",
      "Mountain Mines"
    ]
  },
  {
    "name": "Sand",
    "links": [
      "https://www.ccrecipes.com/recipe?recipe=Sand",
      "https://cubiccastles.fandom.com/wiki/Finial_Sandstone"
    ],
    "categories": [
      "Tropical Mine",
      "Forest Mine",
      "Desert Mine",
      "Mountain Mines"
    ]
  },
  {
    "name": "Sandstone",
    "links": [
      "https://www.ccrecipes.com/recipe?recipe=Sandstone",
      "https://cubiccastles.fandom.com/wiki/Finial_Sandstone"
    ],
    "categories": [
      "Tropical Mine",
      "Forest Mine",
      "Desert Mine",
      "Mountain Mines"
    ]
  },
  {
    "name": "Sandstone Block Column",
    "links": [
      "https://www.ccrecipes.com/recipe?recipe=Sandstone%20Block%20Column",
      "https://cubiccastles.fandom.com/wiki/Bouncy_Block"
    ],
    "categories": [
      "Tropical Mine",
      "Forest Mine",
      "Desert Mine",
      "Mountain Mines"
    ]
  },
  {
    "name": "Sandy Block",
    "links": [
      "https://www.ccrecipes.com/recipe?recipe=Sandy%20Block",
      "https://cubiccastles.fandom.com/wiki/Half_Sandy_block"
    ],
    "categories": [
      "Tropical Mine",
      "Desert Mine"
    ]
  },
  {
    "name": "Sandy Block Stairs",
    "links": [
      "https://www.ccrecipes.com/recipe?recipe=Sandy%20Block%20Stairs",
      "https://cubiccastles.fandom.com/wiki/Bouncy_Block"
    ],
    "categories": [
      "Tropical Mine",
      "Desert Mine"
    ]
  },
  {
    "name": "Sandy Brick",
    "links": [
      "https://www.ccrecipes.com/recipe?recipe=Sandy%20Brick",
      "https://cubiccastles.fandom.com/wiki/Half_Sandy_Brick"
    ],
    "categories": [
      "Tropical Mine",
      "Desert Mine"
    ]
  },
  {
    "name": "Sandy Brick Stairs",
    "links": [
      "https://www.ccrecipes.com/recipe?recipe=Sandy%20Brick%20Stairs",
      "https://cubiccastles.fandom.com/wiki/Blue_Brick"
    ],
    "categories": [
      "Tropical Mine",
      "Desert Mine"
    ]
  },
  {
    "name": "Scrambled Eggs",
    "links": [
      "https://www.ccrecipes.com/recipe?recipe=Scrambled%20Eggs",
      "https://cubiccastles.fandom.com/wiki/Egg"
    ],
    "categories": [
      "Desert Mine",
      "Mountain Mines"
    ]
  },
  {
    "name": "Sculpty Dirt",
    "links": [
      "https://www.ccrecipes.com/recipe?recipe=Sculpty%20Dirt",
      "https://cubiccastles.fandom.com/wiki/Dirt"
    ],
    "categories": [
      "Tropical Mine",
      "Forest Mine",
      "Desert Mine",
      "Arctic Mine"
    ]
  },
  {
    "name": "Seeker Bumper",
    "links": [
      "https://www.ccrecipes.com/recipe?recipe=Seeker%20Bumper",
      "https://cubiccastles.fandom.com/wiki/Bumper"
    ],
    "categories": []
  },
  {
    "name": "Shirts",
    "links": [
      "https://www.ccrecipes.com/recipe?recipe=Shirts",
      "https://cubiccastles.fandom.com/wiki/Black_Shirt"
    ],
    "categories": []
  },
  {
    "name": "Shrink Bumper",
    "links": [
      "https://www.ccrecipes.com/recipe?recipe=Shrink%20Bumper",
      "https://cubiccastles.fandom.com/wiki/Bumper"
    ],
    "categories": []
  },
  {
    "name": "Signposts",
    "links": [
      "https://www.ccrecipes.com/recipe?recipe=Signposts",
      "https://cubiccastles.fandom.com/wiki/Crude_Signpost"
    ],
    "categories": []
  },
  {
    "name": "Silver Block",
    "links": [
      "https://www.ccrecipes.com/recipe?recipe=Silver%20Block",
      "https://cubiccastles.fandom.com/wiki/Custom_Block/Recipe"
    ],
    "categories": [
      "Forest Mine",
      "Desert Mine",
      "Mountain Mines",
      "Arctic Mine"
    ]
  },
  {
    "name": "Silver Plate",
    "links": [
      "https://www.ccrecipes.com/recipe?recipe=Silver%20Plate",
      "https://cubiccastles.fandom.com/wiki/Metal_Plate/Recipe1"
    ],
    "categories": [
      "Forest Mine",
      "Desert Mine",
      "Mountain Mines",
      "Arctic Mine"
    ]
  },
  {
    "name": "Slyme Egg",
    "links": [
      "https://www.ccrecipes.com/recipe?recipe=Slyme%20Egg",
      "https://cubiccastles.fandom.com/wiki/Egg"
    ],
    "categories": []
  },
  {
    "name": "Sofa",
    "links": [
      "https://www.ccrecipes.com/recipe?recipe=Sofa",
      "https://cubiccastles.fandom.com/wiki/Blue_Sofa"
    ],
    "categories": []
  },
  {
    "name": "Soil",
    "links": [
      "https://www.ccrecipes.com/recipe?recipe=Soil",
      "https://cubiccastles.fandom.com/wiki/Farm_Soil"
    ],
    "categories": [
      "Tropical Mine",
      "Arctic Mine"
    ]
  },
  {
    "name": "Solid blocks",
    "links": [
      "https://www.ccrecipes.com/recipe?recipe=Solid%20blocks",
      "https://cubiccastles.fandom.com/wiki/List_Of_Important_Blocks"
    ],
    "categories": []
  },
  {
    "name": "Spicy Potion",
    "links": [
      "https://www.ccrecipes.com/recipe?recipe=Spicy%20Potion",
      "https://cubiccastles.fandom.com/wiki/Cloudy_Potion/Recipe"
    ],
    "categories": []
  },
  {
    "name": "Spike Floor",
    "links": [
      "https://www.ccrecipes.com/recipe?recipe=Spike%20Floor",
      "https://cubiccastles.fandom.com/wiki/Mosaic_Floor/Recipe"
    ],
    "categories": []
  },
  {
    "name": "Stainless Steel Block",
    "links": [
      "https://www.ccrecipes.com/recipe?recipe=Stainless%20Steel%20Block",
      "https://cubiccastles.fandom.com/wiki/Bouncy_Block"
    ],
    "categories": []
  },
  {
    "name": "Stainless Steel Plate",
    "links": [
      "https://www.ccrecipes.com/recipe?recipe=Stainless%20Steel%20Plate",
      "https://cubiccastles.fandom.com/wiki/Gold_Plate"
    ],
    "categories": [
      "Forest Mine",
      "Desert Mine",
      "Mountain Mines",
      "Arctic Mine"
    ]
  },
  {
    "name": "Stainless Steel Stairs",
    "links": [
      "https://www.ccrecipes.com/recipe?recipe=Stainless%20Steel%20Stairs",
      "https://cubiccastles.fandom.com/wiki/Checker_Stairs"
    ],
    "categories": []
  },
  {
    "name": "Starter Gift",
    "links": [
      "https://www.ccrecipes.com/recipe?recipe=Starter%20Gift",
      "https://cubiccastles.fandom.com/wiki/Boy%27s_Starter_Gift"
    ],
    "categories": []
  },
  {
    "name": "Steel Block",
    "links": [
      "https://www.ccrecipes.com/recipe?recipe=Steel%20Block",
      "https://cubiccastles.fandom.com/wiki/Custom_Block/Recipe"
    ],
    "categories": []
  },
  {
    "name": "Steel Hammer",
    "links": [
      "https://www.ccrecipes.com/recipe?recipe=Steel%20Hammer",
      "https://cubiccastles.fandom.com/wiki/Hammer"
    ],
    "categories": []
  },
  {
    "name": "Steel Plate",
    "links": [
      "https://www.ccrecipes.com/recipe?recipe=Steel%20Plate",
      "https://cubiccastles.fandom.com/wiki/Metal_Plate/Recipe1"
    ],
    "categories": []
  },
  {
    "name": "Stone",
    "links": [
      "https://www.ccrecipes.com/recipe?recipe=Stone",
      "https://cubiccastles.fandom.com/wiki/Clanstone"
    ],
    "categories": [
      "Forest Mine",
      "Desert Mine",
      "Mountain Mines"
    ]
  },
  {
    "name": "Stone Block",
    "links": [
      "https://www.ccrecipes.com/recipe?recipe=Stone%20Block",
      "https://cubiccastles.fandom.com/wiki/Custom_Block/Recipe"
    ],
    "categories": [
      "Forest Mine",
      "Desert Mine",
      "Mountain Mines"
    ]
  },
  {
    "name": "Stone Brick",
    "links": [
      "https://www.ccrecipes.com/recipe?recipe=Stone%20Brick",
      "https://cubiccastles.fandom.com/wiki/Blue_Brick/Recipe"
    ],
    "categories": [
      "Forest Mine",
      "Desert Mine",
      "Mountain Mines"
    ]
  },
  {
    "name": "Stone Brick Cap",
    "links": [
      "https://www.ccrecipes.com/recipe?recipe=Stone%20Brick%20Cap",
      "https://cubiccastles.fandom.com/wiki/Blue_Brick"
    ],
    "categories": [
      "Forest Mine",
      "Desert Mine",
      "Mountain Mines"
    ]
  },
  {
    "name": "Stone column",
    "links": [
      "https://www.ccrecipes.com/recipe?recipe=Stone%20column",
      "https://cubiccastles.fandom.com/wiki/Finial_Stone/Recipe1"
    ],
    "categories": [
      "Forest Mine",
      "Desert Mine",
      "Mountain Mines"
    ]
  },
  {
    "name": "Stone Cross",
    "links": [
      "https://www.ccrecipes.com/recipe?recipe=Stone%20Cross",
      "https://cubiccastles.fandom.com/wiki/Finial_Stone/Recipe1"
    ],
    "categories": [
      "Forest Mine",
      "Desert Mine",
      "Mountain Mines"
    ]
  },
  {
    "name": "Stone Fence",
    "links": [
      "https://www.ccrecipes.com/recipe?recipe=Stone%20Fence",
      "https://cubiccastles.fandom.com/wiki/Finial_Stone/Recipe1"
    ],
    "categories": [
      "Forest Mine",
      "Desert Mine",
      "Mountain Mines"
    ]
  },
  {
    "name": "Stone Half Block",
    "links": [
      "https://www.ccrecipes.com/recipe?recipe=Stone%20Half%20Block",
      "https://cubiccastles.fandom.com/wiki/Clay_Block"
    ],
    "categories": [
      "Forest Mine",
      "Desert Mine",
      "Mountain Mines"
    ]
  },
  {
    "name": "Stone Hammer",
    "links": [
      "https://www.ccrecipes.com/recipe?recipe=Stone%20Hammer",
      "https://cubiccastles.fandom.com/wiki/Hammer"
    ],
    "categories": [
      "Forest Mine",
      "Desert Mine",
      "Mountain Mines"
    ]
  },
  {
    "name": "Stone Stairs",
    "links": [
      "https://www.ccrecipes.com/recipe?recipe=Stone%20Stairs",
      "https://cubiccastles.fandom.com/wiki/Finial_Stone/Recipe1"
    ],
    "categories": [
      "Forest Mine",
      "Desert Mine",
      "Mountain Mines"
    ]
  },
  {
    "name": "Sunny Potion",
    "links": [
      "https://www.ccrecipes.com/recipe?recipe=Sunny%20Potion",
      "https://cubiccastles.fandom.com/wiki/Cloudy_Potion/Recipe"
    ],
    "categories": []
  },
  {
    "name": "Telefood Bumper",
    "links": [
      "https://www.ccrecipes.com/recipe?recipe=Telefood%20Bumper",
      "https://cubiccastles.fandom.com/wiki/Bumper"
    ],
    "categories": []
  },
  {
    "name": "Terracotta Half Block",
    "links": [
      "https://www.ccrecipes.com/recipe?recipe=Terracotta%20Half%20Block",
      "https://cubiccastles.fandom.com/wiki/Bouncy_Block"
    ],
    "categories": []
  },
  {
    "name": "Terracotta Stairs",
    "links": [
      "https://www.ccrecipes.com/recipe?recipe=Terracotta%20Stairs",
      "https://cubiccastles.fandom.com/wiki/Iron_Stairs"
    ],
    "categories": [
      "Forest Mine",
      "Desert Mine",
      "Mountain Mines",
      "Arctic Mine"
    ]
  },
  {
    "name": "Toilet",
    "links": [
      "https://www.ccrecipes.com/recipe?recipe=Toilet",
      "https://cubiccastles.fandom.com/wiki/Oil"
    ],
    "categories": [
      "Arctic Mine"
    ]
  },
  {
    "name": "Tools",
    "links": [
      "https://www.ccrecipes.com/recipe?recipe=Tools",
      "https://cubiccastles.fandom.com/wiki/Crafting_tools"
    ],
    "categories": []
  },
  {
    "name": "Trick Dice",
    "links": [
      "https://www.ccrecipes.com/recipe?recipe=Trick%20Dice",
      "https://cubiccastles.fandom.com/wiki/Ice"
    ],
    "categories": [
      "Mountain Mines",
      "Arctic Mine"
    ]
  },
  {
    "name": "Tropical Grass",
    "links": [
      "https://www.ccrecipes.com/recipe?recipe=Tropical%20Grass",
      "https://cubiccastles.fandom.com/wiki/Grass"
    ],
    "categories": [
      "Tropical Mine",
      "Forest Mine",
      "Desert Mine"
    ]
  },
  {
    "name": "Trunk",
    "links": [
      "https://www.ccrecipes.com/recipe?recipe=Trunk",
      "https://cubiccastles.fandom.com/wiki/Any_Trunk"
    ],
    "categories": []
  },
  {
    "name": "Turkey Berry",
    "links": [
      "https://www.ccrecipes.com/recipe?recipe=Turkey%20Berry",
      "https://cubiccastles.fandom.com/wiki/Berry"
    ],
    "categories": []
  },
  {
    "name": "Tutu",
    "links": [
      "https://www.ccrecipes.com/recipe?recipe=Tutu",
      "https://cubiccastles.fandom.com/wiki/Black_Tutu"
    ],
    "categories": []
  },
  {
    "name": "Unobtainable blocks",
    "links": [
      "https://www.ccrecipes.com/recipe?recipe=Unobtainable%20blocks",
      "https://cubiccastles.fandom.com/wiki/Ball_Blocks"
    ],
    "categories": []
  },
  {
    "name": "Vertical AcelloRing",
    "links": [
      "https://www.ccrecipes.com/recipe?recipe=Vertical%20AcelloRing",
      "https://cubiccastles.fandom.com/wiki/Acceloring"
    ],
    "categories": []
  },
  {
    "name": "View source for Crafting",
    "links": [
      "https://www.ccrecipes.com/recipe?recipe=View%20source%20for%20Crafting",
      "https://cubiccastles.fandom.com/wiki/Crafting"
    ],
    "categories": []
  },
  {
    "name": "View source for Crafting Recipe",
    "links": [
      "https://www.ccrecipes.com/recipe?recipe=View%20source%20for%20Crafting%20Recipe",
      "https://cubiccastles.fandom.com/wiki/Crafting"
    ],
    "categories": []
  },
  {
    "name": "View source for Cubic Castles",
    "links": [
      "https://www.ccrecipes.com/recipe?recipe=View%20source%20for%20Cubic%20Castles",
      "https://cubiccastles.fandom.com/wiki/Castles"
    ],
    "categories": []
  },
  {
    "name": "View source for FAQ",
    "links": [
      "https://www.ccrecipes.com/recipe?recipe=View%20source%20for%20FAQ",
      "https://cubiccastles.fandom.com/wiki/FAQ"
    ],
    "categories": []
  },
  {
    "name": "View source for Harm Wand",
    "links": [
      "https://www.ccrecipes.com/recipe?recipe=View%20source%20for%20Harm%20Wand",
      "https://cubiccastles.fandom.com/wiki/Harm_Wand"
    ],
    "categories": []
  },
  {
    "name": "View source for Material",
    "links": [
      "https://www.ccrecipes.com/recipe?recipe=View%20source%20for%20Material",
      "https://cubiccastles.fandom.com/wiki/Material"
    ],
    "categories": []
  },
  {
    "name": "View source for Mortar And Pestle",
    "links": [
      "https://www.ccrecipes.com/recipe?recipe=View%20source%20for%20Mortar%20And%20Pestle",
      "https://cubiccastles.fandom.com/wiki/Mortar_and_Pestle"
    ],
    "categories": []
  },
  {
    "name": "View source for Red Baseball Cap",
    "links": [
      "https://www.ccrecipes.com/recipe?recipe=View%20source%20for%20Red%20Baseball%20Cap",
      "https://cubiccastles.fandom.com/wiki/Blue_Baseball_Cap"
    ],
    "categories": []
  },
  {
    "name": "View source for Wizard's WorkBench",
    "links": [
      "https://www.ccrecipes.com/recipe?recipe=View%20source%20for%20Wizard%27s%20WorkBench",
      "https://cubiccastles.fandom.com/wiki/Boy%27s_Starter_Gift"
    ],
    "categories": []
  },
  {
    "name": "Wand",
    "links": [
      "https://www.ccrecipes.com/recipe?recipe=Wand",
      "https://cubiccastles.fandom.com/wiki/Golden_Wand"
    ],
    "categories": [
      "Forest Mine",
      "Desert Mine",
      "Mountain Mines",
      "Arctic Mine"
    ]
  },
  {
    "name": "Wet Cement",
    "links": [
      "https://www.ccrecipes.com/recipe?recipe=Wet%20Cement",
      "https://cubiccastles.fandom.com/wiki/Cement"
    ],
    "categories": []
  },
  {
    "name": "White dye",
    "links": [
      "https://www.ccrecipes.com/recipe?recipe=White%20dye",
      "https://cubiccastles.fandom.com/wiki/Dye"
    ],
    "categories": []
  },
  {
    "name": "White Fence",
    "links": [
      "https://www.ccrecipes.com/recipe?recipe=White%20Fence",
      "https://cubiccastles.fandom.com/wiki/Half_White_Plaster"
    ],
    "categories": []
  },
  {
    "name": "White Flower",
    "links": [
      "https://www.ccrecipes.com/recipe?recipe=White%20Flower",
      "https://cubiccastles.fandom.com/wiki/Flower"
    ],
    "categories": []
  },
  {
    "name": "White Lattice",
    "links": [
      "https://www.ccrecipes.com/recipe?recipe=White%20Lattice",
      "https://cubiccastles.fandom.com/wiki/Ice"
    ],
    "categories": [
      "Mountain Mines",
      "Arctic Mine"
    ]
  },
  {
    "name": "White Marble",
    "links": [
      "https://www.ccrecipes.com/recipe?recipe=White%20Marble",
      "https://cubiccastles.fandom.com/wiki/Half_White_Plaster"
    ],
    "categories": []
  },
  {
    "name": "Wild Blue Flower",
    "links": [
      "https://www.ccrecipes.com/recipe?recipe=Wild%20Blue%20Flower",
      "https://cubiccastles.fandom.com/wiki/Blue_Flower"
    ],
    "categories": []
  },
  {
    "name": "Wild Red Flower",
    "links": [
      "https://www.ccrecipes.com/recipe?recipe=Wild%20Red%20Flower",
      "https://cubiccastles.fandom.com/wiki/Flower"
    ],
    "categories": []
  },
  {
    "name": "Wild White Flower",
    "links": [
      "https://www.ccrecipes.com/recipe?recipe=Wild%20White%20Flower",
      "https://cubiccastles.fandom.com/wiki/Flower"
    ],
    "categories": []
  },
  {
    "name": "Wood Block",
    "links": [
      "https://www.ccrecipes.com/recipe?recipe=Wood%20Block",
      "https://cubiccastles.fandom.com/wiki/New_Wood_Block"
    ],
    "categories": []
  },
  {
    "name": "Wood Ladder",
    "links": [
      "https://www.ccrecipes.com/recipe?recipe=Wood%20Ladder",
      "https://cubiccastles.fandom.com/wiki/Fancy_Wood/Recipe"
    ],
    "categories": []
  },
  {
    "name": "Wood Lattice",
    "links": [
      "https://www.ccrecipes.com/recipe?recipe=Wood%20Lattice",
      "https://cubiccastles.fandom.com/wiki/Ice"
    ],
    "categories": [
      "Mountain Mines",
      "Arctic Mine"
    ]
  },
  {
    "name": "Wood planks",
    "links": [
      "https://www.ccrecipes.com/recipe?recipe=Wood%20planks",
      "https://cubiccastles.fandom.com/wiki/New_Wood_Planks"
    ],
    "categories": []
  },
  {
    "name": "Wood pole",
    "links": [
      "https://www.ccrecipes.com/recipe?recipe=Wood%20pole",
      "https://cubiccastles.fandom.com/wiki/Fancy_Wood/Recipe"
    ],
    "categories": []
  },
  {
    "name": "Wood Stairs",
    "links": [
      "https://www.ccrecipes.com/recipe?recipe=Wood%20Stairs",
      "https://cubiccastles.fandom.com/wiki/New_Wood_Stairs"
    ],
    "categories": []
  },
  {
    "name": "Workbench",
    "links": [
      "https://www.ccrecipes.com/recipe?recipe=Workbench",
      "https://cubiccastles.fandom.com/wiki/Expert_Workbench/Recipe"
    ],
    "categories": []
  },
  {
    "name": "Yellow Dye",
    "links": [
      "https://www.ccrecipes.com/recipe?recipe=Yellow%20Dye",
      "https://cubiccastles.fandom.com/wiki/Dye"
    ],
    "categories": []
  },
  {
    "name": "Yellow Pants",
    "links": [
      "https://www.ccrecipes.com/recipe?recipe=Yellow%20Pants",
      "https://cubiccastles.fandom.com/wiki/Half_Yellow_Plaster"
    ],
    "categories": []
  },
  {
    "name": "Yellow Robe",
    "links": [
      "https://www.ccrecipes.com/recipe?recipe=Yellow%20Robe",
      "https://cubiccastles.fandom.com/wiki/Half_Yellow_Plaster"
    ],
    "categories": []
  },
  {
    "name": "Yellow Shirt",
    "links": [
      "https://www.ccrecipes.com/recipe?recipe=Yellow%20Shirt",
      "https://cubiccastles.fandom.com/wiki/Half_Yellow_Plaster"
    ],
    "categories": []
  }
]