[
  {
    "words": [
      "Ruby Stairs (10/1000c)"
    ]
  },
  {
    "words": [
      "Half Ruby Block (20/500c)"
    ]
  },
  {
    "words": [
      "Diamond Stairs (10/240c)"
    ]
  },
  {
    "words": [
      "Diamond Half Block (20/120c)"
    ]
  },
  {
    "words": [
      "Emerald Stairs (10/200c)"
    ]
  },
  {
    "words": [
      "Emerald Half Block (20/100c)"
    ]
  },
  {
    "words": [
      "Emerald Half Block (20/10c)"
    ]
  },
  {
    "words": [
      "Black Marble Column (50/600c)"
    ]
  },
  {
    "words": [
      "Black Marble Stairs (50/600c)"
    ]
  },
  {
    "words": [
      "White Marble Column (50/300c)"
    ]
  },
  {
    "words": [
      "White Marble Stairs (50/300c)"
    ]
  },
  {
    "words": [
      "Blue marble Column (50/150c)"
    ]
  },
  {
    "words": [
      "Blue Marble Stairs (50/150c)"
    ]
  },
  {
    "words": [
      "Blue marble half Block (100/75c)"
    ]
  },
  {
    "words": [
      "Half Coral (200/325c)"
    ]
  },
  {
    "words": [
      "Half Snow Block (200/12c)"
    ]
  },
  {
    "words": [
      "Half Mountain (200/10c)"
    ]
  },
  {
    "words": [
      "Half Mesa (200/12c)"
    ]
  },
  {
    "words": [
      "Half Sand Block (200/20c)"
    ]
  },
  {
    "words": [
      "Half Forest Grass (200/20c)"
    ]
  },
  {
    "words": [
      "Half Mountain Grass (200/17c)"
    ]
  },
  {
    "words": [
      "Half Grass (200/17c)"
    ]
  },
  {
    "words": [
      "Half Dirt (200/12c)"
    ]
  },
  {
    "words": [
      "Ice Boulder (50/100c)"
    ]
  },
  {
    "words": [
      "Steel Stairs (50/140c)"
    ]
  },
  {
    "words": [
      "Clay Brick Cap (100/200c)"
    ]
  },
  {
    "words": [
      "Clay Brick (100/140c)"
    ]
  },
  {
    "words": [
      "Half Clay (100/50c)"
    ]
  },
  {
    "words": [
      "Block (100/100c)"
    ]
  },
  {
    "words": [
      "Finial Sandstone (50/35c)"
    ]
  },
  {
    "words": [
      "Sandy Brick Stairs (50/90c)"
    ]
  },
  {
    "words": [
      "Half Sandy Brick (100/45 c)"
    ]
  },
  {
    "words": [
      "Sandy Brick (100/90c)"
    ]
  },
  {
    "words": [
      "Sandstone Column (50/60c)"
    ]
  },
  {
    "words": [
      "Half Sandstone (100/30c)"
    ]
  },
  {
    "words": [
      "Sandy Block Stairs (50/60c)"
    ]
  },
  {
    "words": [
      "Half Sandy Block (100/30c)"
    ]
  },
  {
    "words": [
      "Sandy Block (100/60c)"
    ]
  },
  {
    "words": [
      "Stone Column (50/100c)"
    ]
  },
  {
    "words": [
      "Stone Stairs (50/100c)"
    ]
  },
  {
    "words": [
      "Stone Half Block (100/50c)"
    ]
  },
  {
    "words": [
      "Stone Block (100/100c)"
    ]
  },
  {
    "words": [
      "Stone Brick (100/135c)"
    ]
  },
  {
    "words": [
      "Stone Brick Cap (100/160c)"
    ]
  },
  {
    "words": [
      "Cobblestone (100/300c)"
    ]
  },
  {
    "words": [
      "Finial Stone (50/50c)"
    ]
  },
  {
    "words": [
      "Fancy Road (100/200c)"
    ]
  },
  {
    "words": [
      "Steel Plate (50/70c)"
    ]
  },
  {
    "words": [
      "Iron Stairs (50/50c)"
    ]
  },
  {
    "words": [
      "Metal Plate (100/100c)"
    ]
  },
  {
    "words": [
      "Stainless Steel Stairs (50/200c)"
    ]
  },
  {
    "words": [
      "Wheat Seeds (100/360c)"
    ]
  },
  {
    "words": [
      "Eggplant Seeds (100/250c)"
    ]
  },
  {
    "words": [
      "Corn Sign (5/15c)"
    ]
  },
  {
    "words": [
      "Corn Seeds (100/120c)"
    ]
  },
  {
    "words": [
      "Corn Plant (100/650c)"
    ]
  },
  {
    "words": [
      "Potato Sign (5/15c)"
    ]
  },
  {
    "words": [
      "Potato Seeds (100/60c)"
    ]
  },
  {
    "words": [
      "Potato Crops (100/500c)"
    ]
  },
  {
    "words": [
      "Tomato Signs (5/15c)"
    ]
  },
  {
    "words": [
      "Tomato Seeds (100/40c)"
    ]
  },
  {
    "words": [
      "Big Sprinkler (5/275c)"
    ]
  },
  {
    "words": [
      "Small Sprinkler (5/75c)"
    ]
  },
  {
    "words": [
      "Farmer'$ Almanac (1/15c)"
    ]
  },
  {
    "words": [
      "Farmer's Almanac (1/15c)"
    ]
  },
  {
    "words": [
      "Chicken Signs (5/15c)"
    ]
  },
  {
    "words": [
      "Chick-Inna-Box (1/50c)"
    ]
  },
  {
    "words": [
      "Farm Eggs (5/25c)"
    ]
  },
  {
    "words": [
      "Pet Sausage Treat ( 1/20c)"
    ]
  },
  {
    "words": [
      "Cow Signs (5/15c)"
    ]
  },
  {
    "words": [
      "Cow-Inna-Crate (1/110c)"
    ]
  },
  {
    "words": [
      "Milk Jug (5/5c)"
    ]
  },
  {
    "words": [
      "Full Milk Jug (1/10 c)"
    ]
  },
  {
    "words": [
      "Cooking Oil (1/5 c)"
    ]
  },
  {
    "words": [
      "Cooking Oil (10 /50 c)"
    ]
  },
  {
    "words": [
      "Flour (10/50 c)"
    ]
  },
  {
    "words": [
      "Sugar (1/10 c)"
    ]
  },
  {
    "words": [
      "Sugar (10/100c)"
    ]
  },
  {
    "words": [
      "Carrot Crops (1/50c)"
    ]
  },
  {
    "words": [
      "Tractor Keys (1/3100c)"
    ]
  },
  {
    "words": [
      "Dorkmobile Keys (1/5000c)"
    ]
  },
  {
    "words": [
      "Visitor Bumper (1/750c)"
    ]
  },
  {
    "words": [
      "No Litteringl (1/2500c)"
    ]
  },
  {
    "words": [
      "Gather Bumper (1/3000c)"
    ]
  },
  {
    "words": [
      "Shrink Bumper (1/1500c)"
    ]
  },
  {
    "words": [
      "Bumper (1/500c)"
    ]
  },
  {
    "words": [
      "Hidey Bumper (1/500c)"
    ]
  },
  {
    "words": [
      "Red Brick Stairs (50/90c)"
    ]
  },
  {
    "words": [
      "Red Brick (100/85c)"
    ]
  },
  {
    "words": [
      "Blue Brick (100/85c)"
    ]
  },
  {
    "words": [
      "Dark Brick (100/85c)"
    ]
  },
  {
    "words": [
      "Terracotta Stairs (50/150c)"
    ]
  },
  {
    "words": [
      "Terracotta Half Floor (100/75c)"
    ]
  },
  {
    "words": [
      "Terracotta Tiles (100/150c)"
    ]
  },
  {
    "words": [
      "Mosaic Stairs (50/500c)"
    ]
  },
  {
    "words": [
      "Mosaic Half Floor (100/250c)"
    ]
  },
  {
    "words": [
      "Mosaic Floor (100/500c)"
    ]
  },
  {
    "words": [
      "Gold Brick (100/600c)"
    ]
  },
  {
    "words": [
      "Gold Stairs (50/180c)"
    ]
  },
  {
    "words": [
      "Gold Plate (100/90c)"
    ]
  },
  {
    "words": [
      "Gold Block (100/180c)"
    ]
  },
  {
    "words": [
      "Silver Stairs (50/95c)"
    ]
  },
  {
    "words": [
      "Silver Plate (100/50c)"
    ]
  },
  {
    "words": [
      "Silver Block (100/95c)"
    ]
  },
  {
    "words": [
      "Silver Block (100/195c)"
    ]
  },
  {
    "words": [
      "Persian Rug Stairs (50/110c)"
    ]
  },
  {
    "words": [
      "Half Persian Rug (100/45c)"
    ]
  },
  {
    "words": [
      "Persian Rug (100/80c)"
    ]
  },
  {
    "words": [
      "Bark Block (100/300c)"
    ]
  },
  {
    "words": [
      "Coal Block (100/75c)"
    ]
  },
  {
    "words": [
      "Fancy Flooring (100/175c)"
    ]
  },
  {
    "words": [
      "Fairy Jar (1/15c)"
    ]
  },
  {
    "words": [
      "Empty Jar (10/10c)"
    ]
  },
  {
    "words": [
      "Quantum Fries Bumper (1/550c)"
    ]
  },
  {
    "words": [
      "Beam Burger Bumper (1/550c)"
    ]
  },
  {
    "words": [
      "Teletaco Bumper (1/550c)"
    ]
  },
  {
    "words": [
      "Telefrank Bumper (1/1500c)"
    ]
  },
  {
    "words": [
      "Warp Cola Bumper (1/3000c)"
    ]
  },
  {
    "words": [
      "Trans-Pickle Bumper (1/1500c)"
    ]
  },
  {
    "words": [
      "Warp Crunch Bumper (1/2600c)"
    ]
  },
  {
    "words": [
      "Mute Bumper (1/2000c)"
    ]
  },
  {
    "words": [
      "Nuke (1/500c)"
    ]
  },
  {
    "words": [
      "Slime-Inna-Box (1/500c)"
    ]
  },
  {
    "words": [
      "Spook-Inna-Box (1/490c)"
    ]
  },
  {
    "words": [
      "Spudbug-Inna-Box (1/1500c)"
    ]
  },
  {
    "words": [
      "Info Bumper (1/1250c)"
    ]
  },
  {
    "words": [
      "Donation Table (1/95c)"
    ]
  },
  {
    "words": [
      "Clanstone (1/18500c)"
    ]
  },
  {
    "words": [
      "Overworld Start Spot (1/75c)"
    ]
  },
  {
    "words": [
      "Overworld Realm Spot (1/75c)"
    ]
  },
  {
    "words": [
      "Overworld Scrub (100/20c)"
    ]
  },
  {
    "words": [
      "Overworld Mountain (100/20c)"
    ]
  },
  {
    "words": [
      "Overworld Sand (100/20c)"
    ]
  },
  {
    "words": [
      "Overworld Grass (100/30c)"
    ]
  },
  {
    "words": [
      "Overworld Ocean (100/20c)"
    ]
  },
  {
    "words": [
      "Full Deluxe Watering Can (1/80c)"
    ]
  },
  {
    "words": [
      "Deluxe Watering Can (1/50c)"
    ]
  },
  {
    "words": [
      "Full Watering Can (1/20c)"
    ]
  },
  {
    "words": [
      "Watering Can (1/4c)"
    ]
  },
  {
    "words": [
      "Soil (1/125c)"
    ]
  },
  {
    "words": [
      "Fairy Soil (1/125c)"
    ]
  },
  {
    "words": [
      "Quality Farm Soil (5/50c)"
    ]
  },
  {
    "words": [
      "Decent Farm Soil (5/125c)"
    ]
  },
  {
    "words": [
      "Rocky Farm Soil (5/10c)"
    ]
  },
  {
    "words": [
      "Yellow Curve 4 (50/150c)"
    ]
  },
  {
    "words": [
      "Yellow Curve 3 (50/150c)"
    ]
  },
  {
    "words": [
      "Yellow Curve 2 (50/150c)"
    ]
  },
  {
    "words": [
      "Yellow Curve 1 (50/150c)"
    ]
  },
  {
    "words": [
      "Yellow Divider 2 (50/150c)"
    ]
  },
  {
    "words": [
      "Yellow Divider 1 (50/150c)"
    ]
  },
  {
    "words": [
      "Yellow Stripe Road (50/150c)"
    ]
  },
  {
    "words": [
      "White Curve 4 (50/150c)"
    ]
  },
  {
    "words": [
      "White Curve 3 (50/150c)"
    ]
  },
  {
    "words": [
      "White Curve 2 (50/150c)"
    ]
  },
  {
    "words": [
      "White Curve 1 (50/150c)"
    ]
  },
  {
    "words": [
      "White Divider 2 (50/150c)"
    ]
  },
  {
    "words": [
      "White Divider 1 (50/150c)"
    ]
  },
  {
    "words": [
      "White Stripe Road (50/200c)"
    ]
  },
  {
    "words": [
      "Wet Stucco (50/200c)"
    ]
  },
  {
    "words": [
      "Stucco (50/400c)"
    ]
  },
  {
    "words": [
      "Wet Cement (50/90c)"
    ]
  },
  {
    "words": [
      "Cement (50/180c)"
    ]
  },
  {
    "words": [
      "G# Note (1/5c)"
    ]
  },
  {
    "words": [
      "F# Note (1/5c)"
    ]
  },
  {
    "words": [
      "D# Note (1/5c)"
    ]
  },
  {
    "words": [
      "C# Note (1/5c)"
    ]
  },
  {
    "words": [
      "A# Note (1/5c)"
    ]
  },
  {
    "words": [
      "G Note (1/5c)"
    ]
  },
  {
    "words": [
      "Note (1/5c)"
    ]
  },
  {
    "words": [
      "F Note (1/5c)"
    ]
  },
  {
    "words": [
      "ENote (1/5c)"
    ]
  },
  {
    "words": [
      "D Note (1/5c)"
    ]
  },
  {
    "words": [
      "C Note (1/5c)"
    ]
  },
  {
    "words": [
      "B Note (1/5c)"
    ]
  },
  {
    "words": [
      "A Note (1/5c)"
    ]
  },
  {
    "words": [
      "Wild Egg (50/100c)"
    ]
  },
  {
    "words": [
      "Cactus (100/30c)"
    ]
  },
  {
    "words": [
      "Sticks (100/10c)"
    ]
  },
  {
    "words": [
      "Shell (50/40c)"
    ]
  },
  {
    "words": [
      "Mega Stalagmite (10/20c)"
    ]
  },
  {
    "words": [
      "Big Ol' Stalagmite (10/20c)"
    ]
  },
  {
    "words": [
      "Buncha Stalagmites (10/20c)"
    ]
  },
  {
    "words": [
      "Jagged Rocks (10/75c)"
    ]
  },
  {
    "words": [
      "Green Cube (1/900c)"
    ]
  },
  {
    "words": [
      "Green Cube (1/90c)"
    ]
  },
  {
    "words": [
      "Blue Cube (1/300c)"
    ]
  },
  {
    "words": [
      "Purple Cube (1/30c)"
    ]
  },
  {
    "words": [
      "Red Cube (1/12c)"
    ]
  },
  {
    "words": [
      "Purple Magic Gem (2/20c)"
    ]
  },
  {
    "words": [
      "Blue Magic Dust (10/10c)"
    ]
  },
  {
    "words": [
      "Blue Magic Gem (2/10c)"
    ]
  },
  {
    "words": [
      "Yellow Magic Dust (10/10c)"
    ]
  },
  {
    "words": [
      "Yellow Magic Gem (2/10c)"
    ]
  },
  {
    "words": [
      "Red Magic Dust (10/10c)"
    ]
  },
  {
    "words": [
      "Red Magic Gem (2/10c)"
    ]
  },
  {
    "words": [
      "White Flower (10/25c)"
    ]
  },
  {
    "words": [
      "Pink Flower (10/25c)"
    ]
  },
  {
    "words": [
      "Blue Flower (10/25c)"
    ]
  },
  {
    "words": [
      "Yellow Flower (10/25c)"
    ]
  },
  {
    "words": [
      "White Wild Flower (10/20c)"
    ]
  },
  {
    "words": [
      "Red Wild Flower (10/20c)"
    ]
  },
  {
    "words": [
      "Blue Wild Flower (10/20c)"
    ]
  },
  {
    "words": [
      "Purple Crystal (10/70c)"
    ]
  },
  {
    "words": [
      "Deep Cave Wall (100/125c)"
    ]
  },
  {
    "words": [
      "Stone Lava Cracks (100/175c)"
    ]
  },
  {
    "words": [
      "Cave Lava Cracks (100/175c)"
    ]
  },
  {
    "words": [
      "Slime Ball (10/20c)"
    ]
  },
  {
    "words": [
      "Slime Splat (10/20c)"
    ]
  },
  {
    "words": [
      "Green Goop (50/100c)"
    ]
  },
  {
    "words": [
      "Snot (25/55c)"
    ]
  },
  {
    "words": [
      "Farm Hive (5/95c)"
    ]
  },
  {
    "words": [
      "Nest (10/40c)"
    ]
  },
  {
    "words": [
      "Ginat Mushroom Cap (10/20c)"
    ]
  },
  {
    "words": [
      "Giant Mushroom Stalk (10/20c)"
    ]
  },
  {
    "words": [
      "Mushroom Patch (50/35c)"
    ]
  },
  {
    "words": [
      "Bones (50/100c)"
    ]
  },
  {
    "words": [
      "Fast Geyser (10/20c)"
    ]
  },
  {
    "words": [
      "Slow Geyser (10/20c)"
    ]
  },
  {
    "words": [
      "Thorny vines (50/150c)"
    ]
  },
  {
    "words": [
      "Wild Grass (50/100c)"
    ]
  },
  {
    "words": [
      "Forest Leaves (100/15c)"
    ]
  },
  {
    "words": [
      "Greenie Polka Tree Base (50/10c)"
    ]
  },
  {
    "words": [
      "Sugarcane (50/150c)"
    ]
  },
  {
    "words": [
      "Snowy Pine Bough (100/10c)"
    ]
  },
  {
    "words": [
      "Pine Bough (100/10c)"
    ]
  },
  {
    "words": [
      "Water Lily (50/300c)"
    ]
  },
  {
    "words": [
      "Lilypad (50/100c)"
    ]
  },
  {
    "words": [
      "Sulfur (50/150c)"
    ]
  },
  {
    "words": [
      "Mineral Deposit (50/150c)"
    ]
  },
  {
    "words": [
      "Coal Ore (100/20c)"
    ]
  },
  {
    "words": [
      "Iron Ore (100/20c)"
    ]
  },
  {
    "words": [
      "Rubber (100/25c)"
    ]
  },
  {
    "words": [
      "Cotton (100/25c)"
    ]
  },
  {
    "words": [
      "Rubber Tree Trunks (100/55c)"
    ]
  },
  {
    "words": [
      "Mossy Tree Trunk (50/40c)"
    ]
  },
  {
    "words": [
      "Honey (100/120c)"
    ]
  },
  {
    "words": [
      "Beeswax (50/250c)"
    ]
  },
  {
    "words": [
      "Yumberry (100/25c)"
    ]
  },
  {
    "words": [
      "Sunberry (100/25c)"
    ]
  },
  {
    "words": [
      "Frostberry (100/25c)"
    ]
  },
  {
    "words": [
      "Chiliberry (100/25c)"
    ]
  },
  {
    "words": [
      "Frostberry Bush (50/200c)"
    ]
  },
  {
    "words": [
      "Chiliberry Bush (50/200c)"
    ]
  },
  {
    "words": [
      "Bush (50/100c)"
    ]
  },
  {
    "words": [
      "White Dye (100/50c)"
    ]
  },
  {
    "words": [
      "Orange Dye (100/15c)"
    ]
  },
  {
    "words": [
      "Pink Dye (100/60c)"
    ]
  },
  {
    "words": [
      "Purple Dye (100/15c)"
    ]
  },
  {
    "words": [
      "Green Dye (100/15c)"
    ]
  },
  {
    "words": [
      "Black Dye (100/20c)"
    ]
  },
  {
    "words": [
      "Red Fadey Foam (50/150c)"
    ]
  },
  {
    "words": [
      "Blue Fadey Foam (50/150c)"
    ]
  },
  {
    "words": [
      "Green Fadey Foam (50/150c)"
    ]
  },
  {
    "words": [
      "Phantom Foam (10/150c)"
    ]
  },
  {
    "words": [
      "Ghost Dust (50/150c)"
    ]
  },
  {
    "words": [
      "Ghost Gum (50/30c)"
    ]
  },
  {
    "words": [
      "Sunny Potion (50/75c)"
    ]
  },
  {
    "words": [
      "Spicy Potion (50/75c)"
    ]
  },
  {
    "words": [
      "Cloudy Potion (50/550c)"
    ]
  },
  {
    "words": [
      "Magical Potion (5/120c)"
    ]
  },
  {
    "words": [
      "Tacks (100/5c)"
    ]
  },
  {
    "words": [
      "String (50/20c)"
    ]
  },
  {
    "words": [
      "Rope (50/60c)"
    ]
  },
  {
    "words": [
      "Fiber Rope (50/420c)"
    ]
  },
  {
    "words": [
      "Fuse (50/610c)"
    ]
  },
  {
    "words": [
      "Boom powller (50/320c)"
    ]
  },
  {
    "words": [
      "Refined Steel (50/80c)"
    ]
  },
  {
    "words": [
      "Steel Gear (50/70c)"
    ]
  },
  {
    "words": [
      "Steel Gear (60/70c)"
    ]
  },
  {
    "words": [
      "Spring (50/80c)"
    ]
  },
  {
    "words": [
      "Steel Rod (50/70c)"
    ]
  },
  {
    "words": [
      "Rubber Hose (50/45c)"
    ]
  },
  {
    "words": [
      "Rubber Hose  (50/45c)"
    ]
  },
  {
    "words": [
      "Rubber Bandk (50/35c)"
    ]
  },
  {
    "words": [
      "Vulcanized Rubber (50/20c)"
    ]
  },
  {
    "words": [
      "Glue (100/85c)"
    ]
  },
  {
    "words": [
      "Charcoal (100/45c)"
    ]
  },
  {
    "words": [
      "Paper (100/45c)"
    ]
  },
  {
    "words": [
      "Wind Machine (1/95c)"
    ]
  },
  {
    "words": [
      "Clouds (100/18c)"
    ]
  },
  {
    "words": [
      "Black Pants (1/5c)"
    ]
  },
  {
    "words": [
      "Black Shirt (1/5c)"
    ]
  },
  {
    "words": [
      "White Plaster (100/80c)"
    ]
  },
  {
    "words": [
      "Half White Plaster (100/40c)"
    ]
  },
  {
    "words": [
      "White Plaster Stairs (50/80c)"
    ]
  },
  {
    "words": [
      "Yellow Plaster (100/90c)"
    ]
  },
  {
    "words": [
      "Half Yellow Plaster (100/45c)"
    ]
  },
  {
    "words": [
      "Yellow plaster Stairs (50/90c)"
    ]
  },
  {
    "words": [
      "Orange Plaster (100/95c)"
    ]
  },
  {
    "words": [
      "Half Orange Plaster (100/50c)"
    ]
  },
  {
    "words": [
      "Orange Plaster Stairs (50/95c)"
    ]
  },
  {
    "words": [
      "Pink Plaster (100/140c)"
    ]
  },
  {
    "words": [
      "Half Pink Plaster (100/70c)"
    ]
  },
  {
    "words": [
      "Pink Plaster Stairs (50/140c)"
    ]
  },
  {
    "words": [
      "Red Plaster (100/90c)"
    ]
  },
  {
    "words": [
      "Half Red Plaster (100/45c)"
    ]
  },
  {
    "words": [
      "Red Plaster Stairs (50/90c)"
    ]
  },
  {
    "words": [
      "Purple Plaster (100/95c)"
    ]
  },
  {
    "words": [
      "Half Purple Plaster (100/50c)"
    ]
  },
  {
    "words": [
      "Purple Plaster Stairs (50/95c)"
    ]
  },
  {
    "words": [
      "Blue Plaster (100/90c)"
    ]
  },
  {
    "words": [
      "Half Blue Plaster (100/45c)"
    ]
  },
  {
    "words": [
      "Blue Plaster Stairs (50/90c)"
    ]
  },
  {
    "words": [
      "Green Plaster (100/95c)"
    ]
  },
  {
    "words": [
      "Half Green Plaster (100/50c)"
    ]
  },
  {
    "words": [
      "Half Green Plaster (10/50c)"
    ]
  },
  {
    "words": [
      "Green Plaster Stairs (50/95c)"
    ]
  },
  {
    "words": [
      "Black Plaster (100/100c)"
    ]
  },
  {
    "words": [
      "Half Black Plaster (100/50c)"
    ]
  },
  {
    "words": [
      "Black Plaster Stairs (50/100c)"
    ]
  },
  {
    "words": [
      "White Checkers (100/140c)"
    ]
  },
  {
    "words": [
      "White Half Checkers (100/70c)"
    ]
  },
  {
    "words": [
      "White Checker Stairs (50/140c)"
    ]
  },
  {
    "words": [
      "Yellow Half Checkers (100/50c)"
    ]
  },
  {
    "words": [
      "Yellow Checker Stairs (50/100c)"
    ]
  },
  {
    "words": [
      "Orange Checkers (100/110c)"
    ]
  },
  {
    "words": [
      "Orange Half Checkers (100/55c)"
    ]
  },
  {
    "words": [
      "Orange Checker Stairs (50/110c)"
    ]
  },
  {
    "words": [
      "Pink Checkers (100/150c)"
    ]
  },
  {
    "words": [
      "Pink Half Checkers (100/75c)"
    ]
  },
  {
    "words": [
      "Pink Checker Stairs (50/150c)"
    ]
  },
  {
    "words": [
      "Red Half Checkers (100/50c)"
    ]
  },
  {
    "words": [
      "Red Checker Stairs (50/100c)"
    ]
  },
  {
    "words": [
      "Purple Checkers (100/110c)"
    ]
  },
  {
    "words": [
      "Purple Half Checkers (100/55c)"
    ]
  },
  {
    "words": [
      "Purple Checker Stairs (50/110c)"
    ]
  },
  {
    "words": [
      "Blue Checkers (100/100c)"
    ]
  },
  {
    "words": [
      "Blue Half Checkers (100/50c)"
    ]
  },
  {
    "words": [
      "Blue Checker Stairs (50/100c)"
    ]
  },
  {
    "words": [
      "Green Checkers (100/110c)"
    ]
  },
  {
    "words": [
      "Green Half Checkers (100/55c)"
    ]
  },
  {
    "words": [
      "Green Checker Stairs (50/110c)"
    ]
  },
  {
    "words": [
      "Grey Checkers (100/90c)"
    ]
  },
  {
    "words": [
      "Grey Half Checkers (100/45c)"
    ]
  },
  {
    "words": [
      "Checker Stairs (50/90c)"
    ]
  },
  {
    "words": [
      "Black Checkers (100/110c)"
    ]
  },
  {
    "words": [
      "Black Half Checkers (100/55c)"
    ]
  },
  {
    "words": [
      "Black Checkers Stairs (50/110c)"
    ]
  },
  {
    "words": [
      "Glass (100/25c)"
    ]
  },
  {
    "words": [
      "Orange Glass (100/40c)"
    ]
  },
  {
    "words": [
      "Pink Glass (100/85c)"
    ]
  },
  {
    "words": [
      "Purple Glass (100/40c)"
    ]
  },
  {
    "words": [
      "Green Glass(100/40c)"
    ]
  },
  {
    "words": [
      "Black Glass (100/45c)"
    ]
  },
  {
    "words": [
      "Sculpty Pixel White (100/200c)"
    ]
  },
  {
    "words": [
      "Sculpty Pixel Yellow (100/200c)"
    ]
  },
  {
    "words": [
      "Sculpty Pixel Orange (100/200c)"
    ]
  },
  {
    "words": [
      "Sculpty Pixel Pink (100/200c)"
    ]
  },
  {
    "words": [
      "Sculpty Pixel Red (100/200c)"
    ]
  },
  {
    "words": [
      "Sculpty Pixel Indigo (100/200c)"
    ]
  },
  {
    "words": [
      "Sculpty Pixel Cyan (100/200c)"
    ]
  },
  {
    "words": [
      "Sculpty Pixel Grey (100/200c)"
    ]
  },
  {
    "words": [
      "Sculpty Dirt (50/25c)"
    ]
  },
  {
    "words": [
      "Sculpty Stone (50/200c)"
    ]
  },
  {
    "words": [
      "Sculpty Sand (50/25c)"
    ]
  },
  {
    "words": [
      "Sculpty Clay (50/50c)"
    ]
  },
  {
    "words": [
      "Scuplty Coal (50/100c)"
    ]
  },
  {
    "words": [
      "Sculpty Iron (50/50c)"
    ]
  },
  {
    "words": [
      "Sculpty New Wood (50/150c)"
    ]
  },
  {
    "words": [
      "Sculpty Old Wood (50/150c)"
    ]
  },
  {
    "words": [
      "Sculpty Bark (50/300c)"
    ]
  },
  {
    "words": [
      "White Lattice (50/125c)"
    ]
  },
  {
    "words": [
      "New Wood Block (100/75c)"
    ]
  },
  {
    "words": [
      "New Wood Plank (100/35c)"
    ]
  },
  {
    "words": [
      "New Wood Stairs (100/75c)"
    ]
  },
  {
    "words": [
      "Wood Column (50/75c)"
    ]
  },
  {
    "words": [
      "New Wood Column (50/75c)"
    ]
  },
  {
    "words": [
      "New Wood Shelf (50/70c)"
    ]
  },
  {
    "words": [
      "Old Wood Block (100/75c)"
    ]
  },
  {
    "words": [
      "Old Wood Stairs (100/75c)"
    ]
  },
  {
    "words": [
      "Old Wood Column (50/75c)"
    ]
  },
  {
    "words": [
      "Old Wood Shelf (50/70c)"
    ]
  },
  {
    "words": [
      "Wood Post (10/4c)"
    ]
  },
  {
    "words": [
      "Ribbon (5/20c)"
    ]
  },
  {
    "words": [
      "Hunting Net (1/5c)"
    ]
  },
  {
    "words": [
      "Custom16 (50/100c)"
    ]
  },
  {
    "words": [
      "Custom15 (50/100c)"
    ]
  },
  {
    "words": [
      "Custom12 (50/100c)"
    ]
  },
  {
    "words": [
      "Custom11 (50/100c)"
    ]
  },
  {
    "words": [
      "Custom10 (50/100c)"
    ]
  },
  {
    "words": [
      "Custom9 (50/100c)"
    ]
  },
  {
    "words": [
      "Custom8 (50/100c)"
    ]
  },
  {
    "words": [
      "Custom6 (50/100c)"
    ]
  },
  {
    "words": [
      "Custom5 (50/100c)"
    ]
  },
  {
    "words": [
      "Customs (50/100c)"
    ]
  },
  {
    "words": [
      "Custom4 (50/100c)"
    ]
  },
  {
    "words": [
      "Custom3 (50/100c)"
    ]
  },
  {
    "words": [
      "Custom2 (50/100c)"
    ]
  },
  {
    "words": [
      "Custom1 (50/100c)"
    ]
  },
  {
    "words": [
      "Up Sign (5/12c)"
    ]
  },
  {
    "words": [
      "Down Sign (5/12c)"
    ]
  },
  {
    "words": [
      "Left Sign (5/12c)"
    ]
  },
  {
    "words": [
      "Right Sign (5/12c)"
    ]
  },
  {
    "words": [
      "Post (5/12c)"
    ]
  },
  {
    "words": [
      "Crude Sign Post (5/12c)"
    ]
  },
  {
    "words": [
      "Crude Sign Post (5/15c)"
    ]
  },
  {
    "words": [
      "Closed Sign (5/15c)"
    ]
  },
  {
    "words": [
      "Open Sign (5/15c)"
    ]
  },
  {
    "words": [
      "Warning Sign (5/15c)"
    ]
  },
  {
    "words": [
      "Stop Sign (5/15c)"
    ]
  },
  {
    "words": [
      "Green Official Sign (10/25c)"
    ]
  },
  {
    "words": [
      "Red Official Sign (10/25c)"
    ]
  },
  {
    "words": [
      "Black Official Sign (10/25c)"
    ]
  },
  {
    "words": [
      "Old Wood Picket Fence (50/100c)"
    ]
  },
  {
    "words": [
      "Old Fence (50/75c)"
    ]
  },
  {
    "words": [
      "Cedar Fence (50/75c)"
    ]
  },
  {
    "words": [
      "White Fence (50/100c)"
    ]
  },
  {
    "words": [
      "Wood Ladder (50/70c)"
    ]
  },
  {
    "words": [
      "Metal Ladder (50/180c)"
    ]
  },
  {
    "words": [
      "Stone Fence (50/75c)"
    ]
  },
  {
    "words": [
      "Three Leg Stool (5/10c)"
    ]
  },
  {
    "words": [
      "Red Sofa (5/25c)"
    ]
  },
  {
    "words": [
      "Mattress (2/10c)"
    ]
  },
  {
    "words": [
      "Double Mattress (2/15c)"
    ]
  },
  {
    "words": [
      "Throne (5/25c)"
    ]
  },
  {
    "words": [
      "Night Table (5/25c)"
    ]
  },
  {
    "words": [
      "Park Bench (5/20c)"
    ]
  },
  {
    "words": [
      "Old Wood Table (5/10c)"
    ]
  },
  {
    "words": [
      "Old Wood Chair (5/10c)"
    ]
  },
  {
    "words": [
      "New Wood Table (5/10c)"
    ]
  },
  {
    "words": [
      "New Wood Chair (5/10c)"
    ]
  },
  {
    "words": [
      "Fancy Table (5/20c)"
    ]
  },
  {
    "words": [
      "Fancy Chair (5/20c)"
    ]
  },
  {
    "words": [
      "Old Cabinet (5/25c)"
    ]
  },
  {
    "words": [
      "Cabinet (5/25c)"
    ]
  },
  {
    "words": [
      "New Cabinet (5/25c)"
    ]
  },
  {
    "words": [
      "Chest (5/25c)"
    ]
  },
  {
    "words": [
      "Chest Sign (5/20c)"
    ]
  },
  {
    "words": [
      "Drinks Sign (5/20c)"
    ]
  },
  {
    "words": [
      "Home Sign (5/20c)"
    ]
  },
  {
    "words": [
      "Shop Sign (5/20c)"
    ]
  },
  {
    "words": [
      "Shop Display (2/30c)"
    ]
  },
  {
    "words": [
      "QBee bomb (10/50c)"
    ]
  },
  {
    "words": [
      "Pulse bomb (5/15c)"
    ]
  },
  {
    "words": [
      "Prison Bars (20/35c)"
    ]
  },
  {
    "words": [
      "Iron Pole (25/25c)"
    ]
  },
  {
    "words": [
      "Desk Pot (5/10c)"
    ]
  },
  {
    "words": [
      "Round Pot (5/15c)"
    ]
  },
  {
    "words": [
      "Trashcan (2/10c)"
    ]
  },
  {
    "words": [
      "Sink (2/15c)"
    ]
  },
  {
    "words": [
      "Radio (2/50c)"
    ]
  },
  {
    "words": [
      "Phone (2/50c)"
    ]
  },
  {
    "words": [
      "Mirror (2/15c)"
    ]
  },
  {
    "words": [
      "Life Force (1/50c)"
    ]
  },
  {
    "words": [
      "Mecho-Spikes Yellow (2/20c)"
    ]
  },
  {
    "words": [
      "Mecho-Spikes Blue (2/20c)"
    ]
  },
  {
    "words": [
      "Spike Floor (5/13c)"
    ]
  },
  {
    "words": [
      "Decorative Mask (10/40c)"
    ]
  },
  {
    "words": [
      "Basic Sentry (1/60c)"
    ]
  },
  {
    "words": [
      "Password Sentry (1/75c)"
    ]
  },
  {
    "words": [
      "Personal Sentry (1/75c)"
    ]
  },
  {
    "words": [
      "Friend Sentry (1/85c)"
    ]
  },
  {
    "words": [
      "Basic Bumper (1/35c)"
    ]
  },
  {
    "words": [
      "Trick Dice (1/50c)"
    ]
  },
  {
    "words": [
      "Dice Bumper (1/40c)"
    ]
  },
  {
    "words": [
      "Heal Bumper (1/120c)"
    ]
  },
  {
    "words": [
      "Healing Block (1/105c)"
    ]
  },
  {
    "words": [
      "Checkpoint Bumper (1/8c)"
    ]
  },
  {
    "words": [
      "Checkpoint Bumper (1/50c)"
    ]
  },
  {
    "words": [
      "Checkpoint (1/115c)"
    ]
  },
  {
    "words": [
      "Pedestrains Only (1/15c)"
    ]
  },
  {
    "words": [
      "Life Block (1/110c)"
    ]
  },
  {
    "words": [
      "Warp Anchor (1/150c)"
    ]
  },
  {
    "words": [
      "Vertical AcceloRing (1/75c)"
    ]
  },
  {
    "words": [
      "Horizontal AcceloRing (1/75c)"
    ]
  },
  {
    "words": [
      "Bouncy Block (5/20c)"
    ]
  },
  {
    "words": [
      "Knock Back Wand (1/35c)"
    ]
  },
  {
    "words": [
      "Harm Wand (1/35c)"
    ]
  },
  {
    "words": [
      "Workbench (1/7c)"
    ]
  },
  {
    "words": [
      "Tech Workbench (1/15c)"
    ]
  },
  {
    "words": [
      "Forge (1/5c)"
    ]
  },
  {
    "words": [
      "Distiller (1/13c)"
    ]
  },
  {
    "words": [
      "Rehydrator (1/13c)"
    ]
  },
  {
    "words": [
      "Cut-o-matik (1/37c)"
    ]
  },
  {
    "words": [
      "Stove (1/18c)"
    ]
  },
  {
    "words": [
      "Cash Register (1/23c)"
    ]
  },
  {
    "words": [
      "Stone Hammer (1/5c)"
    ]
  },
  {
    "words": [
      "Steel Hammer (1/5c)"
    ]
  },
  {
    "words": [
      "Mortar & Pestle (1/5c)"
    ]
  },
  {
    "words": [
      "Sewing Kit (1/5c)"
    ]
  },
  {
    "words": [
      "Wrench (1/5c)"
    ]
  },
  {
    "words": [
      "Knife (1/5c)"
    ]
  },
  {
    "words": [
      "Laser Cutter (1/25c)"
    ]
  },
  {
    "words": [
      "Whittled Stick (10/2c)"
    ]
  },
  {
    "words": [
      "Golden Wand (10/125c)"
    ]
  },
  {
    "words": [
      "Grass (100/17c)"
    ]
  },
  {
    "words": [
      "Forest Grass (100/20c)"
    ]
  },
  {
    "words": [
      "Quicksand (100/140c)"
    ]
  },
  {
    "words": [
      "Soil (100/40c)"
    ]
  },
  {
    "words": [
      "Lava (100/95c)"
    ]
  },
  {
    "words": [
      "Pink Coral (50/150c)"
    ]
  },
  {
    "words": [
      "Ruby (10/500c)"
    ]
  }
]