[
  { "words": ["Cupid's Halo: 2,150,000 - 2,300,000"] },
  { "words": ["Cupid's Wings: 200,000 - 220,000"] },
  { "words": ["Valentine Wings: 75,000 - 85,000"] },
  { "words": ["Heart Wings: 4,000 - 6,500"] },
  { "words": ["Wuvva Scarf: 30,000 - 35,000"] },
  { "words": ["Heart Backpack: 500 - 1,000"] },
  { "words": ["Turtle Backpack: 2,250 - 3,000"] },
  { "words": ["Mouse Backpack: 750 - 1,250"] },
  { "words": ["Toy Backpack: 200 - 300"] },
  { "words": ["Stuff Toy Backpack: 200 - 300"] },
  { "words": ["Panda Hat: 8,000 - 12,000"] },
  { "words": ["Alien Hat: 250 - 550"] },
  { "words": ["Queen's Crown: 8,000 - 13,000"] },
  { "words": ["King's Crown: 500 - 1,000"] },
  { "words": ["Fake Halo: 500 - 1,000"] },
  { "words": ["Heart Hat: 150 - 250"] },
  { "words": ["Apple O' Love: 150 - 250"] },
  { "words": ["Heart Beads: 200 - 400"] },
  { "words": ["Romantic Flower: 500 - 1,000"] },
  { "words": ["Rose on the Mouth: 600 - 1,000"] },
  { "words": ["Heart Eyes: 1,500 - 2,000"] },
  { "words": ["Heart Headphones: 300 - 600"] },
  { "words": ["Heart Tiara: 300 - 600"] },
  { "words": ["Red Wuvva Shirt: 1,800 - 2,500"] },
  { "words": ["Pink Wuvva Shirt: 1,800 - 2,500"] },
  { "words": ["White Wuvva Shirt: 1,000 - 1,500"] },
  { "words": ["Half Heart Left: 50 - 100"] },
  { "words": ["Half Heart Right: 50 - 100"] },
  { "words": ["Blue Candy Floss: 300 - 800"] },
  { "words": ["Pink Candy Floss: 300 - 800"] },
  { "words": ["Blue Heart Lollipop: 300 - 800"] },
  { "words": ["Pink Heart Lollipop: 300 - 800"] },
  { "words": ["Daisy Flower: 2,000 - 3,000"] },
  { "words": ["Pink Dress Top: 500 - 1,000"] },
  { "words": ["Pink Dress Skirt: 500 - 1,000"] },
  { "words": ["Pink Suit Top: 5,000 - 7,000"] },
  { "words": ["Pink Suit Pants: 15,000 - 20,000"] },
  { "words": ["Violin Backpack: 37,000 - 45,000"] },
  { "words": ["Heart Head: 4,800,000 - 5,200,000"] },
  { "words": ["Flower Bouquet (held): 150,000 - 180,000"] },
  { "words": ["Rose (held): 3,000 - 8,000"] },
  { "words": ["Cactus Head: 27,000 - 32,000"] },
  { "words": ["Valentine Shirt: 2,500 - 3,000"] },
  { "words": ["Valentine Pants: 2,500 - 3,000"] },
  { "words": ["Pink Panda Head: 13,000 - 16,000"] },
  { "words": ["Pink Panda Shirt: 3,000 - 4,000"] },
  { "words": ["Pink Panda Pants: 3,000 - 4,000"] },
  { "words": ["Blue Panda Head: 13,000 - 16,000"] },
  { "words": ["Blue Panda Shirt: 3,000 - 4,000"] },
  { "words": ["Blue Panda Pants: 3,000 - 4,000"] },
  { "words": ["Panda Backpack: 8,000 - 13,000"] },
  { "words": ["Red Candy Lollipop: 1,500 - 2,000"] },
  { "words": ["Blue Candy Lollipop: 1,500 - 2,000"] },
  { "words": ["Blue Pacifier: 2,500 - 3,500"] },
  { "words": ["Pink Pacifier: 2,500 - 3,500"] },
  { "words": ["Blue Baby Bonnet: 2,000 - 2,500"] },
  { "words": ["Pink Baby Bonnet: 2,000 - 2,500"] },
  { "words": ["Heart Tail: 100 - 200"] },
  { "words": ["Heart Ears: 100 - 200"] },
  { "words": ["Yellow Princess Top: 150 - 250"] },
  { "words": ["Yellow Princess Dress: 150 - 250"] },
  { "words": ["Green Princess Top: 150 - 250"] },
  { "words": ["Green Princess Dress: 150 - 250"] },
  { "words": ["Baby Owl Head: 100 - 200"] },
  { "words": ["Baby Owl Shirt: 100 - 200"] },
  { "words": ["Baby Owl Pants: 100 - 200"] },
  { "words": ["Mother Owl Head: 100 - 200"] },
  { "words": ["Mother Owl Shirt: 100 - 200"] },
  { "words": ["Mother Owl Pants: 100 - 200"] },
  { "words": ["Rabbit F Head: 100 - 200"] },
  { "words": ["Rabbit F Shirt: 100 - 200"] },
  { "words": ["Rabbit F Pants: 100 - 200"] },
  { "words": ["Rabbit M Head: 100 - 200"] },
  { "words": ["Rabbit M Shirt: 100 - 200"] },
  { "words": ["Rabbit M Pants: 100 - 200"] },
  { "words": ["Cute Bee Head: 150 - 300"] },
  { "words": ["Cute Bee Shirt: 150 - 300"] },
  { "words": ["Cute Bee Pants: 150 - 300"] },
  { "words": ["Flower Head: 300 - 600"] },
  { "words": ["Flower Shirt: 300 - 600"] },
  { "words": ["Flower Pants: 300 - 600"] },
  { "words": ["Rainbow Unicorn Tail: 1,000 - 1,500"] },
  { "words": ["Rainbow Unicorn Head: 1,000 - 1,500"] },
  { "words": ["Rainbow Unicorn Shirt: 1,000 - 1,500"] },
  { "words": ["Rainbow Unicorn Pants: 1,000 - 1,500"] },
  { "words": ["Pink Balloon: 3,000 - 3,500"] },
  { "words": ["Chocolate Wings: 2,000 - 3,000"] },
  { "words": ["Chocolate Head: 500 - 800"] },
  { "words": ["Chocolate Shirt: 500 - 800"] },
  { "words": ["Chocolate Pants: 500 - 800"] },
  { "words": ["Chocolate Staff: 500 - 800"] },
  { "words": ["Mime Head: 300 - 600"] },
  { "words": ["Mime Shirt: 300 - 600"] },
  { "words": ["Mime Pants: 300 - 600"] },
  { "words": ["White Dress Top: 300 - 600"] },
  { "words": ["White Dress Bottom: 300 - 600"] },
  { "words": ["White Suit Top: 1,000 - 1,500"] },
  { "words": ["White Suit Pants: 1,000 - 1,500"] },
  { "words": ["Red Dress Top: 3,000 - 4,000"] },
  { "words": ["Red Dress Bottom: 3,000 - 4,000"] },
  { "words": ["Red Top Hat: 14,000 - 18,000"] },
  { "words": ["Red Tuxedo Top: 60,000 - 70,000"] },
  { "words": ["Red Tuxedo Pants: 30,000 - 40,000"] },
  { "words": ["Heart Umbrella: 22,500 - 27,500"] },
  { "words": ["Knight's Shield: 250 - 550"] },
  { "words": ["Knight's Helmet 2: 12,000 - 17,000"] },
  { "words": ["Knight's Sword: 3,000 - 5,000"] },
  { "words": ["Cupid Wings 2: 750 - 1,250"] },
  { "words": ["Cupid Wig: 200 - 400"] },
  { "words": ["Cupid Shirt: 300 - 600"] },
  { "words": ["Cupid Pants: 300 - 600"] },
  { "words": ["Cupid Bow: 500 - 1,000"] },
  { "words": ["Teddy Bear Head: 340,000 - 370,000"] },
  { "words": ["Teddy Bear Shirt: 800 - 1,300"] },
  { "words": ["Teddy Bear Pants: 800 - 1,300"] },
  { "words": ["Take This Flower: 4,000 - 6,000"] },
  { "words": ["Love Wand: 150 - 250"] },
  { "words": ["Wuvva Umbrella: 1,500 - 2,000"] },
  { "words": ["Love Balloon: 400,000 - 430,000"] },
  { "words": ["Devil's Halo: 100,000 - 150,000 State Unstable" ] },
  { "words": ["Pink Angel Wings: 8,000 - 12,000"] },
  { "words": ["Violet Angel Wings: 8,000 - 10,000"] },
  { "words": ["Blue Angel Wings: 8,000 - 10,000"] },
  { "words": ["Cyan Angel Wings: 10,000 - 15,000"] },
  { "words": ["Green Angel Wings: 8,000 - 10,000"] },
  { "words": ["Yellow Angel Wings: 8,000 - 10,000"] },
  { "words": ["Orange Angel Wings: 12,000 - 17,000"] },
  { "words": ["Red Angel Wings: 8,000 - 10,000"] },
  { "words": ["Double Sword Back: 1,500 - 2,000"] },
  { "words": ["Walking Cane: 4,000 - 6,000"] },
  { "words": ["Ice Cream Cone Wand: 2,000 - 2,500"] },
  { "words": ["Pencil Wand: 750 - 1,000"] },
  { "words": ["Cow Head: 750 - 1,000"] },
  { "words": ["Cow Shirt: 750 - 1,250"] },
  { "words": ["Cow Pants: 750 - 1,250"] },
  { "words": ["Cow's Tail: 750 - 1,250"] },
  { "words": ["Jail Prisoner's Hat: 250 - 450"] },
  { "words": ["Jail Prisoner's Shirt: 500 - 1,000"] },
  { "words": ["Jail Prisoner's Pants: 2,500 - 5,000"] },
  { "words": ["Safari Shirt: 9,000 - 12,000"] },
  { "words": ["Safari Pants: 9,000 - 12,000"] },
  { "words": ["Safety Vest: 2,000 - 5,000"] },
  { "words": ["Black Beard: 1,000 - 1,500"] },
  { "words": ["Cyclops Eye Mask: 1,000 - 2,000"] },
  { "words": ["Watermelon Hat: 800 - 1,500"] },
  { "words": ["Pineapple Hat: 800 - 1,500"] },
  { "words": ["Lemon Hat: 800 - 1,500"] },
  { "words": ["Qbeets Headphone: 5,000 - 8,000"] },
  { "words": ["Enlarged Qbee Head: 1,000 - 2,000"] },
  { "words": ["Queen Cyborg Head: 500 - 1,000"] },
  { "words": ["Blue Viking Helmet: 1,000 - 2,500"] },
  { "words": ["Anime Pigtail Hairstyle: 1,000 - 2,000"] },
  { "words": ["Fish Head: 2,000 - 4,000"] },
  { "words": ["Princess Tiara: 400 - 700"] },
  { "words": ["Tincan Helmet: 600 - 1,000"] },
  { "words": ["Easter Umbrella: 2,000,000 - 2,100,000"] },
  { "words": ["Umbrella: 170,000 - 200,000"] },
  { "words": ["New Easter Umbrella: 3,000 - 4,500"] },
  { "words": ["Rainbow Umbrella: 350,000 - 450,000"] },
  { "words": ["Red Traditional Umbrella: 17,500 - 25,000"] },
  { "words": ["Red Cherry Blossom Umbrella: 2,000 - 3,000"] },
  { "words": ["Pink Cherry Blossom Umbrella: 1,750 - 2,250"] },
  { "words": ["Bunny Umbrella: 1,000 - 1,700"] },
  { "words": ["Red Balloon: 165,000 - 180,000"] },
  { "words": ["Easter Wand: 9,000 - 12,000"] },
  { "words": ["Easter Egg Staff: 500 - 700"] },
  { "words": ["Orange Flower Wand: 750 - 1,500"] },
  { "words": ["Green Flower Wand: 750 - 1,500"] },
  { "words": ["Carrot Wand: 2,500 - 4,500"] },
  { "words": ["Epic Greek Orthodox Easter Crown: 18,000 - 25,000"] },
  { "words": ["Bunny Tophat: 25,000 - 30,000"] },
  { "words": ["Easter Tophat: 20,000 - 25,000"] },
  { "words": ["Easter Bonnet: 10,000 - 20,000"] },
  { "words": ["Easter Hat: 15,000 - 20,000"] },
  { "words": ["Purple Easter Hat: 17,000 - 22,000"] },
  { "words": ["White Boater Hat: 12,000 - 17,000"] },
  { "words": ["Duck Hat: 35,000 - 40,000"] },
  { "words": ["Rabbit Head: 200 - 350"] },
  { "words": ["Frog Head: 400 - 700"] },
  { "words": ["Red Ant Cap: 200 - 400"] },
  { "words": ["Blue Ant Cap: 200 - 400"] },
  { "words": ["Chicken Hat: 3,000 - 4,500"] },
  { "words": ["Chick Hat: 1,500 - 2,500"] },
  { "words": ["Egg Hat: 600 - 1,200"] },
  { "words": ["Egg Head: 5,000 - 8,000"] },
  { "words": ["Egg Cap: 2,500 - 4,000"] },
  { "words": ["Carrot Hat: 400 - 600"] },
  { "words": ["Carrot Headband: 150 - 250"] },
  { "words": ["Lonely Branch: 1,000 - 1,500"] },
  { "words": ["Flower: 500 - 1,000"] },
  { "words": ["Sunflower Glasses: 3,500 - 5,500"] },
  { "words": ["Egg Sunglasses: 450 - 750"] },
  { "words": ["Chick head: 700 - 1,200"] },
  { "words": ["Chick shirt: 700 - 1,200"] },
  { "words": ["Chick pants: 700 - 1,200"] },
  { "words": ["Rainbow Wings: 3,000 - 4,000"] },
  { "words": ["Rainbow Hat: 500 - 1,000"] },
  { "words": ["Rainbow Pajama Shirt: 1,000 - 1,500"] },
  { "words": ["Rainbow Pajama Pants: 1,000 - 1,500"] },
  { "words": ["Rainbow Headband: 500 - 1,000"] },
  { "words": ["Easter Pattern Shirt: 250 - 450"] },
  { "words": ["Easter Egg Shirt: 250 - 450"] },
  { "words": ["Blue Kimono Shirt: 350 - 500"] },
  { "words": ["Blue Kimono Skirt: 500 - 1,000"] },
  { "words": ["Pink Kimono Shirt: 350 - 550"] },
  { "words": ["Pink Kimono Skirt: 1,000 - 1,500"] },
  { "words": ["Floral Hat: 2,500 - 3,500"] },
  { "words": ["Floral Shirt: 27,500 - 35,000"] },
  { "words": ["Floral Pants: 17,500 - 22,500"] },
  { "words": ["Pink Rabbit Hood: 350 - 550"] },
  { "words": ["Pink Rabbit Shirt: 350 - 550"] },
  { "words": ["Pink Rabbit Pants: 350 - 550"] },
  { "words": ["Blue Rabbit Hood: 300 - 600"] },
  { "words": ["Blue Rabbit Shirt: 300 - 600"] },
  { "words": ["Blue Rabbit Pants: 300 - 600"] },
  { "words": ["Caterpillar Knapsack: 250 - 450"] },
  { "words": ["Caterpillar Hoodie: 250 - 450"] },
  { "words": ["Bee Backpack: 250 - 350"] },
  { "words": ["Bee Helmet: 200 - 350"] },
  { "words": ["Ladybug Wings: 15,000 - 20,000"] },
  { "words": ["Ladybug Helmet: 6,000 - 8,000"] },
  { "words": ["Snail Backpack: 28,500 - 33,500"] },
  { "words": ["Mushroom Hat: 27,500 - 32,500"] },
  { "words": ["Cookie Backpack: 55,000 - 65,000"] },
  { "words": ["Yellow Easter Backpack: 10,000 - 12,000"] },
  { "words": ["Green Easter Backpack: 4,000 - 7,000"] },
  { "words": ["Blue Easter Backpack: 250 - 550"] },
  { "words": ["Red Easter Backpack: 250 - 550"] },
  { "words": ["Bunny Backpack: 300 - 500"] },
  { "words": ["Garden Backpack: 400 - 800"] },
  { "words": ["Yellow Floral Crown: 500 - 700"] },
  { "words": ["Green Floral Crown: 500 - 700"] },
  { "words": ["Blue Floral Crown: 500 - 700"] },
  { "words": ["Pink Floral Crown: 500 - 700"] },
  { "words": ["Purple Floral Crown: 500 - 700"] },
  { "words": ["Bunny Pyjamas: 850,000 - 1,000,000"] },
  { "words": ["Fab Yellow Bunny Ears: 250 - 450"] },
  { "words": ["Keen Green Bunny Ears: 250 - 450"] },
  { "words": ["Blue Fab Bunny Ears: 250 - 450"] },
  { "words": ["Pinktastic Bunny Ears: 250 - 450"] },
  { "words": ["Purplelicious Bunny Ears: 250 - 450"] },
  { "words": ["Robozilla Head: 20,000 - 25,000"] },
  { "words": ["RoboSlyme Costume: 190,000 - 210,000"] },
  { "words": ["Golden Egg Costume: 320,000 - 350,000"] },
  { "words": ["Easter Staff: 10,000 - 12,500"] },
  { "words": ["Easter Sweater: 5,000 - 8,000"] },
  { "words": ["Rainbow Backpack: 150,000 - 170,000"] },
  { "words": ["Rainbow Glasses: 45,000 - 55,000"] },
  { "words": ["Rainbow Halo: 210,000 - 240,000"] },
  { "words": ["Carrot Headphones: 5,000 - 7,000"] },
  { "words": ["Easter Scarf: 25,000 - 30,000"] },
  { "words": ["Holdable Easter Basket: 20,000 - 27,000"] },
  { "words": ["Rabbit Backpack: 6,000 - 8,000"] },
  { "words": ["Rabbit Glasses: 4,000 - 6,000"] },
  { "words": ["Fool's Cap: 70,000 - 80,000"] },
  { "words": ["Lesser Fool's Cap: 25,000 - 35,000"] },
  { "words": ["Least Fool's Cap: 9,000 - 12,000"] },
  { "words": ["Motley Shirt: 300,000 - 350,000"] },
  { "words": ["Motley Pants: 425,000 - 475,000"] },
  { "words": ["Jester Pack: 13,000 - 18,000"] },
  { "words": ["Jester's Cane: 135,000 - 145,000"] },
  { "words": ["Clown Mask: 50,000 - 60,000"] },
  { "words": ["Beaglepuss: 10,000 - 17,500"] },
  { "words": ["Hipno Shades: 40,000 - 60,000"] },
  { "words": ["Hypno Shades: 8,000 - 12,000"] },
  { "words": ["Banana Split Hat: 25,000 - 35,000"] },
  { "words": ["Dirt Block Hat: 6,500 - 8,500"] },
  { "words": ["Worn Hat: 5,000 - 7,000"] },
  { "words": ["Broken Glasses: 2,000 - 3,000"] },
  { "words": ["Half Hat: 2,000 - 3,000"] },
  { "words": ["Turner Head: 5,000 - 8,500"] },
  { "words": ["Mushroom Umbrella: 4,000 - 6,000"] },
  { "words": ["Pot Hat: 3,000 - 4,000"] },
  { "words": ["Longface: 3,000 - 5,000"] },
  { "words": ["Lightbulb Hat: 8,000 - 12,000"] },
  { "words": ["Fox Hood: 1,250 - 1,750"] },
  { "words": ["Hiker's Backpack: 1,000 - 1,500"] },
  { "words": ["Fall Scarf: 12,500 - 17,500"] },
  { "words": ["Blue Plaid Scarf: 3,000 - 5,000"] },
  { "words": ["Blue Beanie: 300 - 800"] },
  { "words": ["Blue Plaid Shirt: 1,000 - 2,000"] },
  { "words": ["Red Plaid Scarf: 4,000 - 6,000"] },
  { "words": ["Red Beanie: 300 - 800"] },
  { "words": ["Red Plaid Shirt: 1,000 - 2,000"] },
  { "words": ["Turkey Feather Hat: 1,200 - 1,500"] },
  { "words": ["Hatchet: 30,000 - 40,000"] },
  { "words": ["Maple Umbrella: 3,000 - 4,000"] },
  { "words": ["Acorn Backpack: 150 - 300"] },
  { "words": ["Acorn Hat: 100 - 200"] },
  { "words": ["Acorn Mask: 500 - 1,000"] },
  { "words": ["Acorn Shirt: 750 - 1,250"] },
  { "words": ["Boy Scout Cap: 1,000 - 1,500"] },
  { "words": ["Boy Scout Shirt: 1,000 - 1,500"] },
  { "words": ["Boy Scout Pants: 1,000 - 1,500"] },
  { "words": ["Autumn Hat: 2,500 - 3,500"] },
  { "words": ["Autumn Hawaiian Shirt: 6,000 - 8,000"] },
  { "words": ["Autumn Umbrella: 3,000 - 4,000"] },
  { "words": ["Turkey Umbrella: 1,000 - 1,500"] },
  { "words": ["Turkey Leg Balloon: 700 - 1,200"] },
  { "words": ["Amethyst Turkey Tail: 30,000 - 40,000"] },
  { "words": ["Rainbow Turkey Tail: 160,000 - 180,000"] },
  { "words": ["Monochrome Turkey Tail: 400,000 - 450,000"] },
  { "words": ["Pooper Scooper: 200 - 300"] },
  { "words": ["Hunting Net: 1 - 5"] },
  { "words": ["Green Deluxe Hunting Net: 1,250 - 1,750"] },
  { "words": ["Turkey Tail: 300 - 500"] },
  { "words": ["Turkey Beak: 500 - 1,000"] },
  { "words": ["Blue Football Helmet: 350 - 550"] },
  { "words": ["Red Football Helmet: 350 - 550"] },
  { "words": ["Shoulder Top: 500 - 1,000"] },
  { "words": ["Jean: 4,000 - 6,000"] },
  { "words": ["Festival Shirt: 1,250 - 1,750"] },
  { "words": ["Festival Pants: 1,250 - 1,750"] },
  { "words": ["Cube Festival Hat: 500 - 1,000"] },
  { "words": ["Festival Hat: 150 - 250"] },
  { "words": ["Mono Festival Hat: 150 - 300"] },
  { "words": ["Brown Suit Top: 2,000 - 3,000"] },
  { "words": ["Brown Suit Pants: 2,000 - 3,000"] },
  { "words": ["Pilgrim Bonnet: 2,500 - 4,500"] },
  { "words": ["Pilgrim Skirt: 1,000 - 2,000"] },
  { "words": ["Pilgrim's Hat: 750 - 1,250"] },
  { "words": ["Pilgrim's Coat: 8,000 - 10,000"] },
  { "words": ["Pilgrim's Pants: 8,000 - 10,000"] },
  { "words": ["Pilgrim's Hat Bush: 500 - 1,000"] },
  { "words": ["Dry Leaf Mask: 350 - 550"] },
  { "words": ["Dry Leaves Top: 350 - 550"] },
  { "words": ["Dry Leaves Pants: 350 - 550"] },
  { "words": ["Dry Leaf Staff: 450 - 750"] },
  { "words": ["Pumpkin Hat: 35,000 - 45,000"] },
  { "words": ["Pumpkin Staff: 3,000 - 5,000"] },
  { "words": ["Turkey Bolo: 65,000 - 80,000"] },
  { "words": ["Turkey Staff: 4,000 - 5,000"] },
  { "words": ["Turkey Head: 20,000 - 30,000"] },
  { "words": ["Plaid Hunting Cap: 320,000 - 350,000"] },
  { "words": ["Beard: 600,000 - 650,000"] },
  { "words": ["Trumpet Hat: 240,000 - 270,000"] },
  { "words": ["Ghost Costume: 1,500,000 - 1,700,000"] },
  { "words": ["Slyme Costume: 300,000 - 320,000"] },
  { "words": ["Headlessness: 2,500,000 - 2,800,000"] },
  { "words": ["Vampire Outfit: 270,000 - 300,000"] },
  { "words": ["Vampire's Cloak: 6,500 - 7,500"] },
  { "words": ["Pumpkin Pack: 190,000 - 210,000"] },
  { "words": ["Skeletal Wings: 50,000 - 60,000"] },
  { "words": ["Web Wings: 13,000 - 18,000"] },
  { "words": ["Dino Head: 300,000 - 330,000"] },
  { "words": ["Monster Head: 390,000 - 430,000"] },
  { "words": ["Shark Head: 190,000 - 210,000"] },
  { "words": ["Werewolf Head: 75,000 - 85,000"] },
  { "words": ["Pyramid Head: 50,000 - 60,000"] },
  { "words": ["Alien Mask: 50,000 - 60,000"] },
  { "words": ["Dark Visitor: 18,000 - 24,000"] },
  { "words": ["Twobee Head: 25,000 - 30,000"] },
  { "words": ["Beakbee Head: 9,000 - 12,000"] },
  { "words": ["Toothbee Head: 9,000 - 12,000"] },
  { "words": ["Cyclobee Head: 9,000 - 12,000"] },
  { "words": ["Psychic Revelation Cap: 2,000 - 3,000"] },
  { "words": ["Psychic Repulsion Cap: 2,000 - 3,000"] },
  { "words": ["Black Plague Doctor Mask: 13,000 - 16,000"] },
  { "words": ["Grey Plague Doctor Mask: 8,000 - 12,000"] },
  { "words": ["Plague Doctor Mask: 500 - 1,000"] },
  { "words": ["Golden Demon Mask: 2,000 - 3,000"] },
  { "words": ["Demon Mask: 700 - 1,100"] },
  { "words": ["Bighead Mask: 500 - 800"] },
  { "words": ["Witch Mask: 500 - 800"] },
  { "words": ["Goblin Mask: 500 - 800"] },
  { "words": ["Bat Mask: 250 - 450"] },
  { "words": ["Big Eyes: 1,500 - 2,500"] },
  { "words": ["Killer Mask V2: 750 - 1,000"] },
  { "words": ["Killer Mask: 250 - 500"] },
  { "words": ["Ghost Designed Jacket: 400 - 700"] },
  { "words": ["Black Cat Head: 2,000 - 3,000"] },
  { "words": ["Black Cat Shirt: 2,000 - 3,000"] },
  { "words": ["Black Cat Pants: 2,000 - 3,000"] },
  { "words": ["Black Cat Tail: 2,000 - 3,000"] },
  { "words": ["Katana on Back: 6,500 - 8,500"] },
  { "words": ["Ninja Mask: 750 - 1,250"] },
  { "words": ["Ninja Shirt: 1,000 - 1,500"] },
  { "words": ["Ninja Pants: 3,000 - 4,000"] },
  { "words": ["Dinosaur Tail: 3,000 - 5,000"] },
  { "words": ["Dinosaur Hood: 18,000 - 23,000"] },
  { "words": ["Dinosaur Shirt: 3,000 - 5,000"] },
  { "words": ["Dinosaur Pants: 3,000 - 5,000"] },
  { "words": ["Pumpkin Head: 800 - 1300"] },
  { "words": ["Pumpkin Shirt: 300 - 500"] },
  { "words": ["Pumpkin Pants: 300 - 500"] },
  { "words": ["Voodoo Doll Head: 2,500 - 4,000"] },
  { "words": ["Voodoo Doll Shirt: 2,500 - 4,000"] },
  { "words": ["Voodoo Doll Pants: 2,500 - 4,000"] },
  { "words": ["Skinless Head: 1,000 - 1,500"] },
  { "words": ["Skinless Shirt: 1,000 - 1,500"] },
  { "words": ["Skinless Pants: 1,000 - 1,500"] },
  { "words": ["Skull Head: 750 - 1,500"] },
  { "words": ["Skellie Suit Shirt: 5,000 - 8,000"] },
  { "words": ["Skellie Suit Pants: 5,000 - 7,000"] },
  { "words": ["Mummy Wrap Head: 3,000 - 5,000"] },
  { "words": ["Mummy Wrap Shirt: 5,000 - 7,000"] },
  { "words": ["Mummy Wrap Pants: 30,000 - 35,000"] },
  { "words": ["Dark Traveller Head: 6,000 - 9,000"] },
  { "words": ["Dark Traveller Shirt: 19,000 - 21,000"] },
  { "words": ["Dark Traveller Pants: 19,000 - 21,000"] },
  { "words": ["Zombie Head: 18,000 - 23,000"] },
  { "words": ["Zombie Shirt: 12,500 - 17,500"] },
  { "words": ["Zombie Pants: 25,000 - 30,000"] },
  { "words": ["Witch's Broom: 200 - 300"] },
  { "words": ["Nature's Staff: 150 - 300"] },
  { "words": ["Wizard's Wand: 150 - 300"] },
  { "words": ["Pitchfork: 250 - 450"] },
  { "words": ["Egyptian Staff: 2,000 - 4,000"] },
  { "words": ["Devil's Pitchfork: 6,000 - 10,000"] },
  { "words": ["Ogre Club: 500 - 1,000"] },
  { "words": ["Giant Needle: 650 - 1,000"] },
  { "words": ["Knife: 300 - 600"] },
  { "words": ["Flashlight: 300 - 600"] },
  { "words": ["Wizard's Spellbook: 40,000 - 43,000"] },
  { "words": ["Pumpkin Basket: 6,000 - 10,000"] },
  { "words": ["Trick or Treat Bag: 2,500 - 3,500"] },
  { "words": ["Jack-O-Brella: 1,500 - 2,500"] },
  { "words": ["Pumpkin Balloon: 2,500 - 4,000"] },
  { "words": ["Spiderbrella: 800 - 1,600"] },
  { "words": ["Skull Balloon: 60,000 - 70,000"] },
  { "words": ["Scythe: 1,500,000 - 1,700,000"] },
  { "words": ["Minotaur Head: 5,000 - 8,000"] },
  { "words": ["Dragon Head: 8,000 - 10,000"] },
  { "words": ["Goblin Head: 1,250 - 1,750"] },
  { "words": ["Lagoon Lurker: 800 - 1,300"] },
  { "words": ["Anubis Mask: 500 - 1,000"] },
  { "words": ["Spider Head: 750 - 1,500"] },
  { "words": ["Cleopatra Wig: 400 - 750"] },
  { "words": ["Hair Over Face: 400 - 600"] },
  { "words": ["Medusa Wig: 200 - 300"] },
  { "words": ["Bride of Frankenstein Wig: 250 - 400"] },
  { "words": ["Frankenstein Head: 1,500 - 2,500"] },
  { "words": ["Robot Head: 1,250 - 2,000"] },
  { "words": ["Sub-Vampire Outfit: 10,000 - 15,000"] },
  { "words": ["Mouth Head: 7,000 - 10,000"] },
  { "words": ["Mad Scientist Wig: 900 - 1,500"] },
  { "words": ["Witch's Hat: 250 - 500"] },
  { "words": ["Hunter's Hat: 250 - 500"] },
  { "words": ["Candle Hat: 250 - 500"] },
  { "words": ["Button Eyes: 7,000 - 12,000"] },
  { "words": ["Third Eye: 750 - 1,250"] },
  { "words": ["Tombstone Backpack: 5,000 - 8,000"] },
  { "words": ["Event Werewolf Head: 300,000 - 340,000"] },
  { "words": ["Bat Head: 100,000 - 120,000"] },
  { "words": ["Spider Backpack: 2,000 - 4,000"] },
  { "words": ["Jack O Shirt: 2,500 - 4,000"] },
  { "words": ["Dog Head: 1,000 - 1,500"] },
  { "words": ["Dog Shirt: 800 - 1,500"] },
  { "words": ["Dog Pants: 800 - 1,500"] },
  { "words": ["Pig Tail: 3,000 - 4,000"] },
  { "words": ["Panda Head: 2,000 - 3,000"] },
  { "words": ["Panda Shirt: 1,500 - 2,500"] },
  { "words": ["Panda Pants: 1,500 - 2,500"] },
  { "words": ["Crowbar: 500 - 800"] },
  { "words": ["Fairycore Flower Hat: 1,500 - 2,500"] },
  { "words": ["Fairycore Vine Shirt: 1,000 - 2,000"] },
  { "words": ["Fairycore Vine Pants: 1,000 - 2,000"] },
  { "words": ["Bone Crown: 800 - 1,300"] },
  { "words": ["Skeleton Staff: 8,000 - 12,000"] },
  { "words": ["Skull Backpack: 800 - 1,300"] },
  { "words": ["Pumpkin Umbrella: 1,000 - 1,500"] },
  { "words": ["Battle Axe: 800 - 1,300"] },
  { "words": ["Sewer Slyme Costume: 7,000 - 10,000"] },
  { "words": ["Spider Glasses: 800 - 1,300"] },
  { "words": ["Zombie Charm Hat: 800 - 1,300"] },
  { "words": ["Pumpkin Head 2025: 9,000 - 13,000"] },
  { "words": ["White Bunnyhop Mount: 50,000 - 70,000"] },
  { "words": ["Blue Bunnyhop Mount: 50,000 - 70,000"] },
  { "words": ["Rollercoaster Car: 5,000 - 6,500"] },
  { "words": ["Rocket Key: 20,000 - 25,000"] },
  { "words": ["Golden Rocket Key: 35,000 - 50,000"] },
  { "words": ["Christmas Key: 7,000 - 11,000"] },
  { "words": ["Sled Key: 90,000 - 110,000"] },
  { "words": ["Rocket Sled: 240,000 - 280,000"] },
  { "words": ["Dracu Mobile Key: 70,000 - 90,000"] },
  { "words": ["Floating Witch's Broom Key: 100,000 - 120,000"] },
  { "words": ["Haunted Carriage Key: 90,000 - 120,000"] },
  { "words": ["Bunnymobile Key: 90,000 - 130,000"] },
  { "words": ["Easterider Key: 500,000 - 550,000"] },
  { "words": ["Luvmobile Key: 525,000 - 550,000"] },
  { "words": ["Moon Buggy Key: 27,500 - 35,000"] },
  { "words": ["Luxoride Key: 35,000 - 40,000"] },
  { "words": ["Offroader Key: 22,500 - 27,500"] },
  { "words": ["Pinkster Key: 13,000 - 17,000"] },
  { "words": ["Spudbuggy Key: 11,000 - 13,000"] },
  { "words": ["Sportmobile Key: 6,000 - 8,000"] },
  { "words": ["Dorkmobile Key: 3,000 - 3,500"] },
  { "words": ["Tractor Key: 2,000 - 3,000"] },
  { "words": ["UV Shades: 1,350,000 - 1,550,000"] },
  { "words": ["Scuba Mask: 210,000 - 230,000"] },
  { "words": ["Blue Hawaiian Shirt: 190,000 - 220,000"] },
  { "words": ["Black Hawaiian Shirt: 45,000 - 55,000"] },
  { "words": ["Beach Hairy Chest: 40,000 - 50,000"] },
  { "words": ["Beach Hairy Thong: 200,000 - 220,000"] },
  { "words": ["Black Bikini Top: 60,000 - 80,000"] },
  { "words": ["Black Bikini Bottoms: 200,000 - 230,000"] },
  { "words": ["Pink Bikini Top: 10,000 - 15,000"] },
  { "words": ["Pink Bikini Bottoms: 17,500 - 22,500"] },
  { "words": ["Red Tankini Top: 7,000 - 10,000"] },
  { "words": ["Red Bikini Bottoms: 10,000 - 15,000"] },
  { "words": ["Yellow Tankini Top: 5,000 - 7,500"] },
  { "words": ["Yellow Bikini Bottoms: 5,000 - 7,500"] },
  { "words": ["Blue Tankini Top: 6,000 - 8,000"] },
  { "words": ["Blue Bikini Bottoms: 6,000 - 8,000"] },
  { "words": ["Fishing Rod: 20,000 - 30,000"] },
  { "words": ["Fishing Hat: 3,000 - 4,000"] },
  { "words": ["Fishing Vest: 4,000 - 5,000"] },
  { "words": ["Fishing Pants: 3,500 - 4,500"] },
  { "words": ["Grilling Tongs: 10,000 - 15,000"] },
  { "words": ["Ranger Hat: 30,000 - 35,000"] },
  { "words": ["Leather Backpack: 8,000 - 11,000"] },
  { "words": ["Blue Backpack: 14,000 - 17,000"] },
  { "words": ["Camo Backpack: 5,000 - 7,000"] },
  { "words": ["Chicken Zombie Cap: 2,000 - 3,000"] },
  { "words": ["Chicken Zombie Head: 2,000 - 3,000"] },
  { "words": ["Chicken Zombie Shirt: 2,000 - 3,000"] },
  { "words": ["Chicken Zombie Pants: 2,000 - 3,000"] },
  { "words": ["Pablo Hat: 10,000 - 15,000"] },
  { "words": ["Pablo Smile Shirt: 10,000 - 15,000"] },
  { "words": ["Eggie Bandana Mask: 140,000 - 150,000"] },
  { "words": ["Bad Egg Shirt: 3,000 - 4,000"] },
  { "words": ["Crash Headband: 4,000 - 6,000"] },
  { "words": ["Ice King Mask: 10,000 - 15,000"] },
  { "words": ["Ringmaster Hat: 5,000 - 6,000"] },
  { "words": ["Ringmaster Shirt: 5,000 - 6,000"] },
  { "words": ["Ringmaster Pants: 5,000 - 6,000"] },
  { "words": ["Ringmaster Cane: 5,000 - 6,000"] },
  { "words": ["Butterfly Balloon: 200 - 500"] },
  { "words": ["Unicorn Balloon: 200 - 500"] },
  { "words": ["Bear Balloon: 200 - 500"] },
  { "words": ["Cat Balloon: 200 - 500"] },
  { "words": ["Clown Balloon: 200 - 500"] },
  { "words": ["Octopus Balloon: 1,000 - 1,500"] },
  { "words": ["Lion Balloon: 200 - 500"] },
  { "words": ["Double Heart Antenna: 1,000 - 2,000"] },
  { "words": ["Heart Antenna: 1,000 - 1,500"] },
  { "words": ["Duck Headband: 1,500 - 2,000"] },
  { "words": ["Frog Headband: 1,500 - 2,000"] },
  { "words": ["Wizard Hat: 200 - 300"] },
  { "words": ["Knight Helmet: 350 - 550"] },
  { "words": ["Round Glasses: 450 - 500"] },
  { "words": ["Monocle: 250 - 350"] },
  { "words": ["Bandit Mask: 200 - 300"] },
  { "words": ["Nerd Glasses: 150 - 250"] },
  { "words": ["Cat's Eye Glasses: 100 - 200"] },
  { "words": ["Heart Glasses: 100 - 200"] },
  { "words": ["Star Glasses: 250 - 400"] },
  { "words": ["Coke-Bottle Glasses: 850 - 1,250"] },
  { "words": ["Striped Shades: 1,000 - 1,500"] },
  { "words": ["Rainbow Shield Sunglasses: 750 - 1,250"] },
  { "words": ["Aviator Sunglasses: 200 - 300"] },
  { "words": ["Shield Sunglasses: 250 - 350"] },
  { "words": ["Tinted Shield Sunglasses: 250 - 450"] },
  { "words": ["Rectangular Sunglasses: 150 - 250"] },
  { "words": ["Eyepatch: 7,000 - 9,000"] },
  { "words": ["Cowl: 25 - 35"] },
  { "words": ["Robe: 75 - 150"] },
  { "words": ["Flower Skirt: 75 - 125"] },
  { "words": ["Tutu: 35 - 55"] },
  { "words": ["Invisibility Cloak: 1,000 - 1,500"] },
  { "words": ["Suit Jacket: 1,500 - 2,000"] },
  { "words": ["Chef's Coat: 100 - 300"] },
  { "words": ["Camo Shirt: 150 - 250"] },
  { "words": ["Camo Pants: 50 - 100"] },
  { "words": ["Dark Angel Wings: 8,250 - 9,500"] },
  { "words": ["Angel Wings: 3,500 - 4,000"] },
  { "words": ["Dragon Wings: 750 - 1,250"] },
  { "words": ["Gold Wings: 100 - 150"] },
  { "words": ["Steel Wings: 75 - 125"] },
  { "words": ["Flamingo Wings: 75 - 125"] },
  { "words": ["Parrot Wings: 50 - 100"] },
  { "words": ["Bluejay Wings: 50 - 100"] },
  { "words": ["Bee Wings: 50 - 100"] },
  { "words": ["Bat Wings: 50 - 100"] },
  { "words": ["Imp Wings: 100 - 150"] },
  { "words": ["Butterfly Wings: 50 - 100"] },
  { "words": ["Dragonfly Wings: 50 - 100"] },
  { "words": ["Fairy Wings: 50 - 100"] },
  { "words": ["Cat Lady Wig: 4,500 - 6,000"] },
  { "words": ["Princess Hair: 1,000 - 2,000"] },
  { "words": ["Powdered Magisterial Wig: 250 - 450"] },
  { "words": ["Powdered Grande Dame Wig: 200 - 300"] },
  { "words": ["Powdered Ducal Wig: 150 - 250"] },
  { "words": ["Powdered Aristocrat Wig: 100 - 150"] },
  { "words": ["Orange Magisterial Wig: 250 - 450"] },
  { "words": ["Orange Grande Dame Wig: 200 - 400"] },
  { "words": ["Orange Ducal Wig: 150 - 250"] },
  { "words": ["Orange Aristocrat Wig: 100 - 200"] },
  { "words": ["Red Magisterial Wig: 250 - 450"] },
  { "words": ["Red Grande Dame Wig: 200 - 400"] },
  { "words": ["Red Ducal Wig: 100 - 200"] },
  { "words": ["Red Aristocrat Wig: 100 - 150"] },
  { "words": ["Purple Magisterial Wig: 250 - 450"] },
  { "words": ["Purple Grande Dame Wig: 200 - 300"] },
  { "words": ["Purple Ducal Wig: 100 - 200"] },
  { "words": ["Purple Aristocrat Wig: 100 - 150"] },
  { "words": ["Pink Magisterial Wig: 450 - 650"] },
  { "words": ["Pink Grande Dame Wig: 350 - 550"] },
  { "words": ["Pink Ducal Wig: 200 - 400"] },
  { "words": ["Pink Aristocrat Wig: 150 - 300"] },
  { "words": ["Blonde Magisterial Wig: 250 - 450"] },
  { "words": ["Blonde Grande Dame Wig: 300 - 400"] },
  { "words": ["Blonde Ducal Wig: 200 - 300"] },
  { "words": ["Blonde Aristocrat Wig: 100 - 200"] },
  { "words": ["Blue Magisterial Wig: 250 - 450"] },
  { "words": ["Blue Grande Dame Wig: 200 - 350"] },
  { "words": ["Blue Ducal Wig: 100 - 200"] },
  { "words": ["Blue Aristocrat Wig: 100 - 150"] },
  { "words": ["Green Magisterial Wig: 250 - 450"] },
  { "words": ["Green Grande Dame Wig: 500 - 1,000"] },
  { "words": ["Green Ducal Wig: 100 - 200"] },
  { "words": ["Green Aristocrat Wig: 100 - 150"] },
  { "words": ["Brown Magisterial Wig: 250 - 450"] },
  { "words": ["Brown Grande Dame Wig: 200 - 350"] },
  { "words": ["Brown Ducal Wig: 100 - 200"] },
  { "words": ["Brown Aristocrat Wig: 100 - 150"] },
  { "words": ["Black Magisterial Wig: 450 - 650"] },
  { "words": ["Black Grande Dame Wig: 350 - 550"] },
  { "words": ["Black Ducal Wig: 150 - 300"] },
  { "words": ["Black Aristocrat Wig: 100 - 200"] },
  { "words": ["Bee Stripes: 100 - 200"] },
  { "words": ["Squirrel Tail: 100 - 200"] },
  { "words": ["Croc Tail: 75 - 150"] },
  { "words": ["Beaver Tail: 75 - 150"] },
  { "words": ["Bluejay Tail: 75 - 150"] },
  { "words": ["Parrot Tail: 75 - 150"] },
  { "words": ["Rooster Tail: 100 - 200"] },
  { "words": ["Bird Beak: 150 - 250"] },
  { "words": ["Bull Horns: 100 - 200"] },
  { "words": ["Rhino Horn: 100 - 150"] },
  { "words": ["Unicorn Horn: 150 - 250"] },
  { "words": ["Ram Horns: 550 - 850"] },
  { "words": ["Bear Ears: 200 - 300"] },
  { "words": ["Beetle Shell: 75 - 125"] },
  { "words": ["Beetle Horn: 75 - 125"] },
  { "words": ["Ladybug Shell: 50 - 100"] },
  { "words": ["Feelers: 100 - 200"] },
  { "words": ["Elephant Ears: 300 - 450"] },
  { "words": ["Elephant Trunk: 250 - 350"] },
  { "words": ["Shark Tail: 350 - 550"] },
  { "words": ["Shark Fin: 150 - 250"] },
  { "words": ["Peacock Tail: 550 - 850"] },
  { "words": ["Peacock Crest: 300 - 450"] },
  { "words": ["Panda Ears: 750 - 1,250"] },
  { "words": ["Panda Eyes: 500 - 750"] },
  { "words": ["Chicken Comb: 750 - 1,250"] },
  { "words": ["Chicken Beak: 500 - 1,000"] },
  { "words": ["Lion Tail: 150 - 200"] },
  { "words": ["Lion Fur: 2,000 - 3,000"] },
  { "words": ["Dragon Tail: 200 - 350"] },
  { "words": ["Dragon Horns: 350 - 550"] },
  { "words": ["Imp Tail: 100 - 200"] },
  { "words": ["Imp Horns: 100 - 200"] },
  { "words": ["Raccoon Tail: 750 - 1,250"] },
  { "words": ["Raccoon Ears: 200 - 350"] },
  { "words": ["Bunny Tail: 350 - 550"] },
  { "words": ["Bunny Ears: 350 - 650"] },
  { "words": ["Dog Tail: 400 - 600"] },
  { "words": ["Dog Ears: 350 - 550"] },
  { "words": ["Cat Tail: 750 - 1,250"] },
  { "words": ["Kitten Ears: 750 - 1,250"] },
  { "words": ["Fox Tail: 750 - 1,000"] },
  { "words": ["Fox Ears: 750 - 1,000"] },
  { "words": ["Executioner's Mask: 5,500 - 6,250"] },
  { "words": ["Iron Mask: 1,750 - 2,500"] },
  { "words": ["Gargoyle Mask: 350 - 550"] },
  { "words": ["Traffic Hat: 12,000 - 15,000"] },
  { "words": ["Farmer's Hat: 15 - 25"] },
  { "words": ["Farmer's Overalls: 15 - 25"] },
  { "words": ["Farmer's Pants: 15 - 25"] },
  { "words": ["Hotdog Head: 35,000 - 45,000"] },
  { "words": ["Pizza Face: 20,000 - 25,000"] },
  { "words": ["Hamburger Head: 10,000 - 12,500"] },
  { "words": ["Floppy Chef Hat: 150 - 250"] },
  { "words": ["Tall Grey Chef Cap: 50 - 100"] },
  { "words": ["Short Grey Chef Cap: 50 - 100"] },
  { "words": ["Tall Red Chef Cap: 50 - 100"] },
  { "words": ["Short Red Chef Cap: 50 - 100"] },
  { "words": ["Cosmic Cow Head: 25,000 - 35,000"] },
  { "words": ["Modern Astronaut Helmet: 200 - 300"] },
  { "words": ["Sci-Fi Astronaut Helmet: 200 - 300"] },
  { "words": ["Scanner: 350 - 550"] },
  { "words": ["Moonar Helmet: 200 - 300"] },
  { "words": ["Moonar Jacket: 350 - 450"] },
  { "words": ["Moonar Pants: 350 - 450"] },
  { "words": ["Moonar Pack: 300 - 400"] },
  { "words": ["Sci-Fi O2 Tank: 300 - 400"] },
  { "words": ["Steampunk Goggles: 350 - 450"] },
  { "words": ["Steampunk Umbrella: 2,000 - 3,000"] },
  { "words": ["Clockwerk Hat: 450 - 750"] },
  { "words": ["Clockwerk Top: 1,500 - 2,000"] },
  { "words": ["Clockwerk Pants: 1,000 - 1,500"] },
  { "words": ["Portable Generator Pack: 250 - 450"] },
  { "words": ["Pipe Wrench: 2,000 - 2,500"] },
  { "words": ["Slymegood Head: 200 - 300"] },
  { "words": ["Slymegood Safety Helmet 01: 1,350 - 1,500"] },
  { "words": ["Slymegood Suit Top 01: 1,350 - 1,500"] },
  { "words": ["Slymegood Suit Pants 01: 1,350 - 1,500"] },
  { "words": ["Slymegood Industry Cap 01: 1,350 - 1,500"] },
  { "words": ["Slymegood Industry Shirt 01: 1,350 - 1,500"] },
  { "words": ["Slymegood Safety Helmet 02: 1,350 - 1,500"] },
  { "words": ["Slymegood Suit Top 02: 1,350 - 1,500"] },
  { "words": ["Slymegood Suit Pants 02: 1,350 - 1,500"] },
  { "words": ["Black Pawn Head: 150 - 250"] },
  { "words": ["Black Bishop Head: 150 - 250"] },
  { "words": ["Black Knight Head: 150 - 250"] },
  { "words": ["Black Rook Head: 150 - 250"] },
  { "words": ["Black Queen Head: 150 - 250"] },
  { "words": ["Black King Head: 150 - 250"] },
  { "words": ["White Pawn Head: 150 - 250"] },
  { "words": ["White Bishop Head: 150 - 250"] },
  { "words": ["White Knight Head: 150 - 250"] },
  { "words": ["White Rook Head: 150 - 250"] },
  { "words": ["White Queen Head: 150 - 250"] },
  { "words": ["White King Head: 150 - 250"] },
  { "words": ["Green Explorer Backpack: 1,500 - 2,500"] },
  { "words": ["Tan Explorer Hat: 750 - 1,250"] },
  { "words": ["Green Explorer Top: 2,000 - 2,500"] },
  { "words": ["Green Explorer Pants: 2,000 - 2,500"] },
  { "words": ["Brown Explorer Backpack: 2,500 - 3,500"] },
  { "words": ["Brown Explorer Hat: 750 - 1,250"] },
  { "words": ["Brown Explorer Top: 3,000 - 4,500"] },
  { "words": ["Brown Explorer Pants: 2,000 - 2,500"] },
  { "words": ["Bull Whip: 2,000 - 3,000"] },
  { "words": ["Torch: 2,500 - 3,500"] },
  { "words": ["Walking Stick: 2,000 - 3,000"] },
  { "words": ["Machete: 4,500 - 5,500"] },
  { "words": ["Yellow Fishing Hat: 4,000 - 5,000"] },
  { "words": ["Orange/Green Fishing Vest: 3,500 - 4,500"] },
  { "words": ["Dark Green Fishing Pants: 2,000 - 3,000"] },
  { "words": ["Green Fishing Hat: 4,000 - 5,000"] },
  { "words": ["Blue/Brown Fishing Vest: 3,500 - 4,500"] },
  { "words": ["Brown Fishing Pants: 2,000 - 3,000"] },
  { "words": ["Fishing Cap: 5,000 - 6,500"] },
  { "words": ["Blue Checkered Fishing Vest: 15,000 - 20,000"] },
  { "words": ["Dark Brown Fishing Pants: 2,000 - 3,000"] },
  { "words": ["Simple Rod: 150 - 250"] },
  { "words": ["Superior Rod: 1,250 - 1,750"] },
  { "words": ["Expert Rod: 3,000 - 4,000"] },
  { "words": ["Fishmaster Rod: 6,000 - 8,000"] },
  { "words": ["Diving Tank: 500 - 1,000"] },
  { "words": ["Purple Scuba Hood: 550 - 850"] },
  { "words": ["Purple Scuba Suit: 550 - 850"] },
  { "words": ["Purple Scuba Pants: 550 - 850"] },
  { "words": ["Purple Scuba Mask: 550 - 850"] },
  { "words": ["Blue Scuba Hood: 550 - 850"] },
  { "words": ["Blue Scuba Suit: 550 - 850"] },
  { "words": ["Blue Scuba Pants: 550 - 850"] },
  { "words": ["Blue Scuba Mask: 550 - 850"] },
  { "words": ["Clam Hat: 450 - 750"] },
  { "words": ["Starfish on Face: 450 - 750"] },
  { "words": ["Seaweed Head: 450 - 750"] },
  { "words": ["Seaweed Suit: 750 - 1,000"] },
  { "words": ["Seaweed Pants: 750 - 1,000"] },
  { "words": ["Trident: 2,000 - 3,000"] },
  { "words": ["Level 0 Ram Kennel: 3,000,000 - 3,300,000"] },
  { "words": ["Level 49 Ram Kennel: 2,900,000 - 3,200,000"] },
  { "words": ["Level 0 Dragon Lair: 22,500 - 27,500"] },
  { "words": ["Level 49 Dragon Lair: 30,000 - 35,000"] },
  { "words": ["Level 0 Bunny Kennel: 15,000 - 18,000"] },
  { "words": ["Level 49 Bunny Kennel: 21,000 - 24,000"] },
  { "words": ["Level 0 Dog Kennel: 2,500 - 3,000"] },
  { "words": ["Level 49 Dog Kennel: 7,000 - 8,000"] },
  { "words": ["Level 0 Kitty Kennel: 2,500 - 3,000"] },
  { "words": ["Level 49 Kitty Kennel: 7,000 - 8,000"] },
  { "words": ["Level 0 Kangaroo Kennel: 250,000 - 300,000"] },
  { "words": ["Level 49 Kangaroo Kennel: 200,000 - 230,000"] },
  { "words": ["Level 0 Ostrich Pit: 200,000 - 220,000"] },
  { "words": ["Level 49 Ostrich Pit: 250,000 - 280,000"] },
  { "words": ["Level 0 Elf Hut: 70,000 - 90,000"] },
  { "words": ["Level 49 Elf Hut: 70,000 - 80,000"] },
  { "words": ["Level 0 Turkey Kennel: 35,000 - 40,000"] },
  { "words": ["Level 49 Turkey Kennel: 40,000 - 45,000"] },
  { "words": ["Level 0 Chick Coop: 190,000 - 210,000"] },
  { "words": ["Level 49 Chick Coop: 180,000 - 200,000"] },
  { "words": ["Level 0 Wuvva Pig Kennel: 500,000 - 600,000"] },
  { "words": ["Level 49 Wuvva Pig Kennel: 600,000 - 650,000"] },
  { "words": ["Level 0 Model C Station: 7,000 - 8,000"] },
  { "words": ["Level 49 Model C Station: 12,000 - 15,000"] },
  { "words": ["Level 0 Model F Station: 15,000 - 20,000"] },
  { "words": ["Level 49 Model F Station: 25,000 - 30,000"] },
  { "words": ["Level 0 Model N Station: 35,000 - 40,000"] },
  { "words": ["Level 49 Model N Station: 45,000 - 50,000"] },
  { "words": ["Level 0 Black Cat Kennel: 720,000 - 750,000"] },
  { "words": ["Level 49 Black Cat Kennel: 600,000 - 650,000"] },
  { "words": ["Level 0 Spider Den: 120,000 - 140,000"] },
  { "words": ["Level 49 Spider Den: 120,000 - 140,000"] },
  { "words": ["Level 0 Mutant Doog Kennel: 3,000 - 5,000"] },
  { "words": ["Level 49 Mutant Doog Kennel: 9,000 - 12,000"] },
  { "words": ["Level 0 Mutant MeeMew Kennel: 5,000 - 7,000"] },
  { "words": ["Level 49 Mutant MeeMew Kennel: 10,000 - 12,500"] },
  { "words": ["Level 0 Mutant Hopper House: 45,000 - 55,000"] },
  { "words": ["Level 49 Mutant Hopper House: 65,000 - 85,000"] },
  { "words": ["Level 0 Mutant Wuvva Pig Kennel: 3,500 - 4,500"] },
  { "words": ["Level 49 Mutant Wuvva Pig Kennel: 6,000 - 8,000"] },
  { "words": ["Level 0 Mutant Ram Kennel: 85,000 - 100,000"] },
  { "words": ["Level 49 Mutant Ram Kennel: 100,000 - 130,000"] },
  { "words": ["Level 0 Husky Kennel: 10,000 - 15,000"] },
  { "words": ["Level 49 Husky Kennel: 18,000 - 22,000"] },
  { "words": ["Level 0 Penguin Pad: 25,000 - 30,000"] },
  { "words": ["Level 49 Penguin Pad: 22,500 - 27,500"] },
  { "words": ["Level 0 Snowman Kennel: 30,000 - 37,500"] },
  { "words": ["Level 49 Snowman Kennel: 37,500 - 45,000"] },
  { "words": ["Level 0 Reindeer Kennel: 12,000 - 16,000"] },
  { "words": ["Level 49 Reindeer Kennel: 18,000 - 24,000"] },
  { "words": ["Level 0 Mini Grouch Kennel: 3,500 - 4,500"] },
  { "words": ["Level 49 Mini Grouch Kennel: 10,000 - 12,000"] },
  { "words": ["Level 0 Mini Krampus Kennel: 2,500 - 3,500"] },
  { "words": ["Level 49 Mini Krampus Kennel: 9,000 - 12,000"] },
  { "words": ["Level 0 Pumpkin Kennel: 720,000 - 750,000"] },
  { "words": ["Level 49 Pumpkin Kennel: 600,000 - 650,000"] },
  { "words": ["Raccoon head: 800 - 1,300"] },
  { "words": ["Raccoon shirt: 400 - 700"] },
  { "words": ["Raccoon pants: 400 - 700"] },
  { "words": ["Raccoon  tail: 800 - 1,300"] },
  { "words": ["Scarecrow Head: 3,000 - 4,000"] },
  { "words": ["Scarecrow Shirt: 2,500 - 3,500"] },
  { "words": ["Scarecrow Pants: 2,500 -3,500"] },
  { "words": ["Log Head: 1,700 - 2,500"] },
  { "words": ["Wooden Shirt: 400 - 700"] },
  { "words": ["Wooden Pants: 400 - 700"] },
  { "words": ["Sunflower Staff: 400 - 700"] },
  { "words": ["Corn Staff: 300 - 500"] },
  { "words": ["Turkey Leg (held): 1,500 - 3,000"] },
  { "words": ["Pumpkin Stem Hat: 750 - 1,250"] },
  { "words": ["Cornucopia Hat: 1,500 - 2,000"] },
  { "words": ["Pumpkin Costume: 6,000 - 9,000"] },
  { "words": ["Orange & Black Scarf: 4,500 - 5,500"] },
  { "words": ["Hunter's Hat 2024: 400 - 700"] },
  { "words": ["Fall Leaf Wings: 2,500 - 3,500"] },
  { "words": ["Dried Leaves Hat: 750 - 1,250"] },
  { "words": ["Apple Head: 1,250 - 1,750"] },
  { "words": ["Rake (held): 400 - 700"] },
  { "words": ["Lantern (held): 30,000 - 40,000 State Unstable"] },
  { "words": ["Cute Fox Cap: 2,000 - 3,000"] },
  { "words": ["Pumpkin Cap: 800 - 1,200"] },
  { "words": ["Leaf Fan: 1000 - 1,500"] },
  { "words": ["Fall Sweater: 7,000 - 10,000"] },
  { "words": ["Orange & Black Pajama Shirt: 2,000 - 2,500"] },
  { "words": ["Orange & Black Pajama Pants: 2,000 - 2,500"] },
  { "words": ["Orange & White Pajama Shirt: 1,500 - 2,000"] },
  { "words": ["Orange & White Pajama pants: 1,500 - 2,000"] },
  { "words": ["Pastel Shirt: 900 - 1,500"] },
  { "words": ["Pastel Pants: 900 - 1,500"] },
  { "words": ["The Dye Shirt: 2,000 - 3,000"] },
  { "words": ["Rainbow Scarf: 10,000 - 12,000"] },
  { "words": ["Chicken Balloon: 3,000 - 5,000"] },
  { "words": ["Egg Yolk Head: 2,500 - 3,500"] },
  { "words": ["Bunny on Head: 2,000 - 2,500"] },
  { "words": ["Easter Egg Cap: 500 - 1,000"] },
  { "words": ["Blue Bunny Cap: 500 - 1,000"] },
  { "words": ["Pink Bunny Cap: 500 - 1,000"] },
  { "words": ["Anchor on Back: 6,000 - 9,000"] },
  { "words": ["Bunny Mask: 3,000 - 5,000"] },
  { "words": ["Paper Windmill: 1,500 - 3,000"] },
  { "words": ["Honey Dipper Wand: 5,000 - 10,000"] },
  { "words": ["Lotus Leaf Umbrella: 30,000 - 40,000"] },
  { "words": ["Bunny Balloon: 15,000 - 22,500"] },
  { "words": ["Sailor Hat: 2,500 - 5,000"] },
  { "words": ["Sailor Shirt: 10,000 - 12,500"] },
  { "words": ["Sailor Pants: 10,000 - 15,000"] },
  { "words": ["Paperboat Hat: 3,000 - 4,000"] },
  { "words": ["Spilled Honey Head: 2,000 - 3,000"] },
  { "words": ["Spilled Ice Cream Head: 1,500 - 2,000"] },
  { "words": ["Mustache: 400 - 700"] },
  { "words": ["Dark Cupid Shirt: 300 - 500"] },
  { "words": ["Dark Cupid Pants: 300 - 500"] },
  { "words": ["Dark Cupid Wings: 400 - 700"] },
  { "words": ["Pink & White Scarf: 500 - 800"] },
  { "words": ["Green & White Scarf: 500 - 800"] },
  { "words": ["Black & White Scarf: 600 - 1,200"] },
  { "words": ["Pixel Hat: 5,000 - 8,000"] },
  { "words": ["Pizza (held): 200 - 350"] },
  { "words": ["Pizza Backpack: 250 - 400"] },
  { "words": ["Mouse Tail: 400 - 600"] },
  { "words": ["Mouse Head: 400 - 600"] },
  { "words": ["Mouse Shirt: 400 - 600"] },
  { "words": ["Mouse Pants: 400 - 600"] },
  { "words": ["Spudbug Cap: 500 - 750"] },
  { "words": ["Butterfly Umbrella 01: 250 - 400"] },
  { "words": ["Punk Wig 01: 250 - 400"] },
  { "words": ["Cat Ear Headphones: 300 - 750"] },
  { "words": ["Backpack with Wings: 500 - 1,000"] },
  { "words": ["Olympic Torch: 200 - 350"] },
  { "words": ["Clown Mallet: 300 - 500"] },
  { "words": ["Magnifying Glass: 100 - 200"] },
  { "words": ["Afro Wig: 300 - 500"] },
  { "words": ["Crystal Sword: 150 - 300"] },
  { "words": ["Hotdog Fork: 250 - 350"] },
  { "words": ["Burger Backpack: 250 - 400"] },
  { "words": ["Turtle Shell Helmet: 700 - 1,200"] },
  { "words": ["Popcorn (held): 300 - 500"] },
  { "words": ["Mushroom Top Hat: 4,000 - 6,000"] },
  { "words": ["Artist Brush: 150 - 250"] },
  { "words": ["Flame Wings: 500 - 700"] },
  { "words": ["Heart Halo: 1,000 - 1,750"] },
  { "words": ["Black Halo: 1,200 - 1,700"] },
  { "words": ["Pink Halo: 1,700 - 2,200"] },
  { "words": ["Orange Halo: 1,200 - 1,700"] },
  { "words": ["Green Halo: 1,200 - 1,700"] },
  { "words": ["Blue Halo: 1,200 - 1,700"] },
  { "words": ["Cyan Halo: 1,200 - 1,700"] },
  { "words": ["Violet Halo: 1,200 - 1,700"] },
  { "words": ["Orange Balloon: 350 - 550"] },
  { "words": ["Green Balloon: 350 - 550"] },
  { "words": ["Blue Balloon: 350 - 550"] },
  { "words": ["Cyan Balloon: 350 - 550"] },
  { "words": ["Violet Balloon: 350 - 550"] },
  { "words": ["Yellow Balloon: 350 - 550"] },
  { "words": ["Calculator Backpack: 150 - 300"] },
  { "words": ["Cheese Backpack: 4,500 - 6,500"] },
  { "words": ["Churro: 75 - 150"] },
  { "words": ["White Lace Umbrella: 4,000 - 6,000"] },
  { "words": ["Soda Can (held): 500 - 1,000"] },
  { "words": ["Ice Sword: 200 - 400"] },
  { "words": ["Shield (held): 250 - 500"] },
  { "words": ["Fire Qbee Head: 500 - 800"] },
  { "words": ["Fire Qbee Shirt: 300 - 600"] },
  { "words": ["Fire Qbee Pants: 300 - 600"] },
  { "words": ["Tiger Tail: 600 - 800"] },
  { "words": ["Tiger Hood: 600 - 800"] },
  { "words": ["Tiger Shirt: 600 - 800"] },
  { "words": ["Tiger Pants: 600 - 800"] },
  { "words": ["Clown Wig: 2,000 - 3,000"] },
  { "words": ["Clown Shirt: 1,000 - 1,500"] },
  { "words": ["Clown Pants: 1,000 - 1,500"] },
  { "words": ["Pig Head: 300 - 500"] },
  { "words": ["Pig Shirt: 300 - 500"] },
  { "words": ["Pig Pants: 300 - 500"] },
  { "words": ["Police Shirt: 250 - 450"] },
  { "words": ["Police Pants: 250 - 450"] },
  { "words": ["Golden Tuxedo Shirt: 7,000 - 9,000"] },
  { "words": ["Golden Tuxedo Pants: 7,000 - 9,000"] },
  { "words": ["Cookie Hat: 150 - 250"] },
  { "words": ["AFK Cap: 700 - 1,500"] },
  { "words": ["Krampus Mask: 2,100,00 - 2,300,000"] },
  { "words": ["Krampus Mask 2018: 60,000 - 70,000"] },
  { "words": ["Cheap Fake Krampus: 20,000 - 30,000"] },
  { "words": ["Krampus Mask 2020: 6,000 - 8,000"] },
  { "words": ["Krampus Shirt: 1,500 - 2,000"] },
  { "words": ["Krampus Pants: 1,500 - 2,000"] },
  { "words": ["Mr Christmas Costume: 210,000 - 230,000"] },
  { "words": ["Snowman Costume: 25,000 - 30,000"] },
  { "words": ["Christmas Giftbox Costume: 2,500 - 4,000"] },
  { "words": ["Gingerbread Head: 75,000 - 100,000"] },
  { "words": ["Gingerbread Shirt: 150 - 250"] },
  { "words": ["Gingerbread Pants: 150 - 250"] },
  { "words": ["Ice Head: 250,000 - 300,000"] },
  { "words": ["Ice Shirt: 2,000 - 4,000"] },
  { "words": ["Ice Pants: 2,000 - 4,000"] },
  { "words": ["Snowflake Staff: 800 - 1,200"] },
  { "words": ["Snow Qbee Head: 350 - 550"] },
  { "words": ["Snow Qbee Top: 350 - 550"] },
  { "words": ["Snow Qbee Pants: 350 - 550"] },
  { "words": ["Icy Wings: 300 - 600"] },
  { "words": ["Santa Beard: 500 - 1,000"] },
  { "words": ["Santa Hat: 100 - 200"] },
  { "words": ["Santa Shirt: 100 - 200"] },
  { "words": ["Santa Pants: 100 - 200"] },
  { "words": ["Mrs Santa Hat: 100 - 150"] },
  { "words": ["Mrs Claus Skirt: 200 - 350"] },
  { "words": ["Fancy Elf Hat: 100 - 200"] },
  { "words": ["Elf Cap: 100 - 150"] },
  { "words": ["Elf Hat: 100 - 200"] },
  { "words": ["Elf Shirt: 150 - 250"] },
  { "words": ["Elf Pants: 500 - 1,250"] },
  { "words": ["Toy Soldier Gun: 3,000 - 4,000"] },
  { "words": ["Toy Soldier Cap 2020: 350 - 550"] },
  { "words": ["Toy Soldier Shirt: 1,500 - 3,000"] },
  { "words": ["Toy Soldier Pants: 750 - 1,250"] },
  { "words": ["Doll Wig: 150 - 250"] },
  { "words": ["Doll Shirt: 150 - 250"] },
  { "words": ["Doll Dress: 150 - 250"] },
  { "words": ["Penguin Hood: 300 - 600"] },
  { "words": ["Penguin Shirt: 300 - 600"] },
  { "words": ["Penguin Pants: 300 - 600"] },
  { "words": ["Peppermint Umbrella: 500 - 1,000"] },
  { "words": ["Peppermint Hat: 300 - 500"] },
  { "words": ["Peppermint Shirt: 300 - 500"] },
  { "words": ["Red Ski Goggles: 150 - 250"] },
  { "words": ["Red Ski Mask: 500 - 1,000"] },
  { "words": ["Blue Ski Goggles: 150 - 250"] },
  { "words": ["Blue Ski Mask: 150 - 250"] },
  { "words": ["Ugly Christmas Sweater: 175 - 250"] },
  { "words": ["Christmas Outfit: 100 - 200"] },
  { "words": ["Shiny Nose: 9,000 - 12,000"] },
  { "words": ["Carrot Nose: 100 - 200"] },
  { "words": ["Elf Glasses: 100 - 200"] },
  { "words": ["Nutcracker Head: 85,000 - 100,000"] },
  { "words": ["Coonskin Cap: 750 - 1,250"] },
  { "words": ["Holly Top Hat: 4,000 - 8,000"] },
  { "words": ["Arctic Fox Hood: 5,000 - 10,000"] },
  { "words": ["Arctic Fox Shirt: 3,000 - 6,000"] },
  { "words": ["Arctic Fox Pants: 3,000 - 6,000"] },
  { "words": ["Arctic Fox Tail: 300 - 500"] },
  { "words": ["Gift Ribbon Mask: 3,000 - 4,000"] },
  { "words": ["Candy Cane Wings: 800 - 1,200"] },
  { "words": ["Present Umbrella: 4,000 - 6,500"] },
  { "words": ["Golden Dapper Hat: 110,000 - 140,000"] },
  { "words": ["Toy Soldier Cap: 150 - 250"] },
  { "words": ["Yule Bell Bow: 150 - 250"] },
  { "words": ["Earmuffs: 100 - 200"] },
  { "words": ["Holly crown: 125 - 250"] },
  { "words": ["mistetoe Lure: 2000 - 3000"] },
  { "words": ["Yule Xmas Hat: 50 - 100"] },
  { "words": ["Reindeer Cap: 500 - 1,000"] },
  { "words": ["Antlers: 100 - 200"] },
  { "words": ["Snow Cap: 100 - 150"] },
  { "words": ["Winter Cap: 100 - 200"] },
  { "words": ["Winter Knit Cap: 150 - 200"] },
  { "words": ["Christmas Top Hat: 100 - 200"] },
  { "words": ["Christmas Grouch: 7,000 - 11,000"] },
  { "words": ["Yeti Head: 45,000 - 55,000"] },
  { "words": ["Ice Pop: 120 - 200"] },
  { "words": ["Ice Pop 2: 120 - 200"] },
  { "words": ["Cup of Cocoa: 18,000 - 23,000"] },
  { "words": ["Candy Cane (held): 500 - 800"] },
  { "words": ["Snowman Balloon: 1,000 - 1,500"] },
  { "words": ["Snowflake Umbrella: 1,000 - 1,500"] },
  { "words": ["Winter Umbrella: 60,000 - 70,000"] },
  { "words": ["Santa Pack: 6,000 - 10,000"] },
  { "words": ["Gift Backpack: 5,000 - 6,000"] },
  { "words": ["Gift Backpack 2: 5,000 - 6,000"] },
  { "words": ["Winter Scarf: 2,000 - 3,000"] },
  { "words": ["Xmas Scarf: 450 - 800"] },
  { "words": ["Purple Scarf: 3,000 - 4,500"] },
  { "words": ["Starry Scarf: 35,000 - 45,000"] },
  { "words": ["Red & Green Scarf: 11,000 - 15,000"] },
  { "words": ["Blue & White Scarf: 25,000 - 30,000"] },
  { "words": ["Orange & Yellow Scarf: 260,000 - 280,000"] },
  { "words": ["Premium 2019 New Year's Hat: 50,000 - 60,000"] },
  { "words": ["Chocolate CakeHat: 2,500 - 3,500"] },
  { "words": ["Vanilla CakeHat: 2,000 - 3,000"] },
  { "words": ["Strawberry CakeHat: 2,000 - 3,000"] },
  { "words": ["Tall Party Hat: 2,000 - 3,000"] },
  { "words": ["Short Party Hat: 1,200 - 1,800"] },
  { "words": ["Purple Party Hat: 5,000 - 10,000"] },
  { "words": ["Blue Party Hat: 1,250 - 2,500"] },
  { "words": ["Yellow Party Hat: 500 - 1,000"] },
  { "words": ["Firework Backpack: 121,000 - 130,000"] },
  { "words": ["Red & Purple Party Trumpet: 1,000 - 2,000"] },
  { "words": ["Blue & Green Party Trumpet: 1,000 - 2,000"] },
  { "words": ["Yellow & Orange Party Trumpet: 1,000 - 2,000"] },
  { "words": ["Firework Glasses: 350 - 600"] },
  { "words": ["Cube Balloon: 3,000 - 5,000"] },
  { "words": ["Pin Wheel: 400 - 800"] },
  { "words": ["Firework 2024 Hat: 500 - 1,000"] },
  { "words": ["2024 Premium Cap: 2,000 - 3,000"] },
  { "words": ["2024 Celebration Hat: 500 - 1,000"] },
  { "words": ["2025 Headband: 300 - 600"] },
  { "words": ["NY 2025 Hat: 700 - 1,200"] },
  { "words": ["Gold Lightstick: 300 - 600"] },
  { "words": ["Rainbow Lightstick: 1,000 - 1,300"] },
  { "words": ["Snowflake Halo: 18,000 - 23,000"] },
  { "words": ["Cocoa Head: 3,500 - 5,000"] },
  { "words": ["Peppermint Head: 3,000 - 5,000"] },
  { "words": ["Snowman Head: 3,000 - 5,000"] },
  { "words": ["Candy Cane Sword: 1,000 - 1,500"] },
  { "words": ["Frost Crown: 1,000 - 1,500"] },
  { "words": ["Icicle Nose: 250 - 550"] },
  { "words": ["Rudolph Head: 3,000 - 5,000"] },
  { "words": ["Rudolph Shirt: 1,000 - 1,500"] },
  { "words": ["Rudolph Pants: 1,000 - 1,500"] },
  { "words": ["Red & White Scarf: 3,000 - 4,500"] },
  { "words": ["Candy Cane Backpack: 1,000 - 1,500"] },
  { "words": ["Red Gift Bow Backpack: 3,000 - 4,000"] },
  { "words": ["Robin Hood Hat: 200 - 350"] },
  { "words": ["Stunt Helmet: 150 - 250"] },
  { "words": ["Mortarboard: 350 - 450"] },
  { "words": ["Welding Mask: 150 - 250"] },
  { "words": ["Knight's Helmet (Basic): 350 - 550"] },
  { "words": ["Valkyrie Helm: 850 - 1,500"] },
  { "words": ["Safari Hat: 250 - 350"] },
  { "words": ["Fur Hat: 250 - 350"] },
  { "words": ["Sombrero: 750 - 1,500"] },
  { "words": ["Wizard Hat (Basic): 200 - 300"] },
  { "words": ["Red Wizard's Hat: 750 - 1,250"] },
  { "words": ["Black Wizard's Hat: 1,000 - 1,750"] },
  { "words": ["Aviator Hat: 350 - 450"] },
  { "words": ["Fascinator: 300 - 550"] },
  { "words": ["Police Cap: 700 - 1,000"] },
  { "words": ["Fez: 1,250 - 1,750"] },
  { "words": ["High Hat: 750 - 1,250"] },
  { "words": ["Rice Hat: 2,000 - 3,000"] },
  { "words": ["Cheese Head: 5,000 - 10,000"] },
  { "words": ["Leprechaun Cap: 400 - 700"] },
  { "words": ["Bomber Hat: 750 - 1,250"] },
  { "words": ["Roman Helmet: 1,750 - 2,500"] },
  { "words": ["Paper Bag Hat: 2,000 - 3,000"] },
  { "words": ["Gas Mask: 1,750 - 2,750"] },
  { "words": ["Buckethead: 2,000 - 2,500"] },
  { "words": ["Diving Helmet: 1,750 - 2,750"] },
  { "words": ["Tricorn Hat: 3,000 - 4,000"] },
  { "words": ["Press Hat: 3,500 - 4,500"] },
  { "words": ["N95 Mask: 3,000 - 4,000"] },
  { "words": ["Simple Mask: 4,000 - 6,000"] },
  { "words": ["Cubit Hat: 6,000 - 10,000"] },
  { "words": ["Redwood Forest Cap: 500 - 750"] },
  { "words": ["Pharaoh's Crown: 300 - 400"] },
  { "words": ["Sun Crown: 450 - 750"] },
  { "words": ["Furry Delivery Hat: 4,000 - 7,000"] },
  { "words": ["Koala Hat: 500,000 - 530,000"] },
  { "words": ["Doc's Mirror: 410,000 - 440,000"] },
  { "words": ["Nurse's Hat: 900,000 - 1,000,000"] },
  { "words": ["Red Shaman's Mask: 75 - 150"] },
  { "words": ["Blue Shaman's Mask: 75 - 150"] },
  { "words": ["Red Baseball Cap: 50 - 100"] },
  { "words": ["Blue Baseball Cap: 50 - 100"] },
  { "words": ["Red Hip-Hop Cap: 50 - 100"] },
  { "words": ["Blue Hip-Hop Cap: 50 - 100"] },
  { "words": ["Top Hat (Basic): 80 - 140"] },
  { "words": ["Feather Hat: 50 - 100"] },
  { "words": ["Beany: 25 - 75"] },
  { "words": ["Military Cap: 35 - 50"] },
  { "words": ["Military Beret: 75 - 150"] },
  { "words": ["Military Helmet: 50 - 100"] },
  { "words": ["Viking Helm: 50 - 100"] },
  { "words": ["Shako: 50 - 100"] },
  { "words": ["Dunce Cap: 100 - 150"] },
  { "words": ["Princess Cap: 25 - 75"] },
  { "words": ["Hard Hat: 50 - 100"] },
  { "words": ["Fireman's Hat: 50 - 100"] },
  { "words": ["Miner's Helmet: 50 - 100"] },
  { "words": ["Cowboy Hat: 50 - 100"] },
  { "words": ["Swabbie Hat: 50 - 100"] },
  { "words": ["Sun Hat: 50 - 100"] },
  { "words": ["Crown (Basic): 100 - 150"] },
  { "words": ["Bowler: 75 - 150"] },
  { "words": ["Balmoral Bonnet: 50 - 100"] },
  { "words": ["Flamenco Hat: 300 - 500"] },
  { "words": ["Brave Hat: 75 - 125"] },
  { "words": ["Chief Hat: 200 - 350"] },
  { "words": ["Sherlock Cap: 150 - 250"] },
  { "words": ["Salakot: 75 - 150"] },
  { "words": ["Turban: 100 - 175"] },
  { "words": ["Sheik Hat: 150 - 250"] },
  { "words": ["Fizzled Wand: 25 - 50"] },
  { "words": ["Harm Wand: 25 - 35"] },
  { "words": ["Knock Back Wand: 25 - 35"] },
  { "words": ["Heal Wand: 75 - 100"] },
  { "words": ["Shrink Wand: 550 - 850"] },
  { "words": ["Necromancer's Wand: 1,250 - 1,750"] },
  { "words": ["Blue Hair Bow: 60 - 120"] },
  { "words": ["Red Hair Bow: 50 - 100"] },
  { "words": ["Headphones: 650 - 800"] },
  { "words": ["Antennae: 150 - 250"] }
]