[
  {
    "words": [
      "Cupid's Halo: 2,150,000 2,300,000"
    ]
  },
  {
    "words": [
      "Cupid's Wings: 170,000 - 190,000"
    ]
  },
  {
    "words": [
      "Valentine Wings: 65,000 - 75,000"
    ]
  },
  {
    "words": [
      "Heart Wings: 4,000 - 6,500"
    ]
  },
  {
    "words": [
      "Wuvva Scarf: 30,000 35,000"
    ]
  },
  {
    "words": [
      "Heart Backpack: 500 1,000"
    ]
  },
  {
    "words": [
      "Turtle Backpack: 2,250 - 3,000"
    ]
  },
  {
    "words": [
      "Mouse Backpack: 750 1,250"
    ]
  },
  {
    "words": [
      "Toy Backpack: 200 - 300"
    ]
  },
  {
    "words": [
      "Panda Hat: 9,000 - 12,000"
    ]
  },
  {
    "words": [
      "Alien Hat: 250 - 550"
    ]
  },
  {
    "words": [
      "Queen's Crown: 10,000 - 15,000"
    ]
  },
  {
    "words": [
      "King's Crown: 500 1,000"
    ]
  },
  {
    "words": [
      "Fake Halo: 500 1000"
    ]
  },
  {
    "words": [
      "Heart Hat: 150 - 250"
    ]
  },
  {
    "words": [
      "Apple 0' Love: 150 -250"
    ]
  },
  {
    "words": [
      "Heart Beads: 200 - 400"
    ]
  },
  {
    "words": [
      "Romantic Flower: 500 1,000"
    ]
  },
  {
    "words": [
      "Rose on the Mouth: 600 - 1,000"
    ]
  },
  {
    "words": [
      "Heart Eyes: 1,500 - 2,000"
    ]
  },
  {
    "words": [
      "Heart Headphones: 300 - 600"
    ]
  },
  {
    "words": [
      "Heart Tiara: 300 600"
    ]
  },
  {
    "words": [
      "Wuvva Shirt: 1,800 - 2,500"
    ]
  },
  {
    "words": [
      "Heart Left: 50 100"
    ]
  },
  {
    "words": [
      "Heart Right: 50 - 100"
    ]
  },
  {
    "words": [
      "Candy Floss: 300 - 800"
    ]
  },
  {
    "words": [
      "Candy Floss: 300 - 800 Blue"
    ]
  },
  {
    "words": [
      "Heart Lollipop: 300 - 800"
    ]
  },
  {
    "words": [
      "Daisy Flower: 2,000 - 3,000"
    ]
  },
  {
    "words": [
      "Top: Pink Dress 500 1,000 Pink 1,000"
    ]
  },
  {
    "words": [
      "Dress Skirt: 500"
    ]
  },
  {
    "words": [
      "Top: Pink Dress 500 1,000 Pink"
    ]
  },
  {
    "words": [
      "Dress Skirt: 500 - 1,000"
    ]
  },
  {
    "words": [
      "Top: Pink Suit 5,000 7,000 Pink"
    ]
  },
  {
    "words": [
      "Suit Pants: 15,000 - 20,000"
    ]
  },
  {
    "words": [
      "Violin Backpack: 45,000 - 55,000"
    ]
  },
  {
    "words": [
      "Heart Head: 5,000,000 - 5,300,000"
    ]
  },
  {
    "words": [
      "Flower Boquet (held): 150,000 180,000"
    ]
  },
  {
    "words": [
      "Rose (held): 3,000 - 8,000"
    ]
  },
  {
    "words": [
      "Cactus Head: 20,000 - 25,000"
    ]
  },
  {
    "words": [
      "Valentine Shirt: 2,500 3,000"
    ]
  },
  {
    "words": [
      "Valentine Pants: 2,500 - 3,000"
    ]
  },
  {
    "words": [
      "Panda Head: 13,000 16,000 Pink"
    ]
  },
  {
    "words": [
      "Panda Shirt: 3,000 4,000 Pink"
    ]
  },
  {
    "words": [
      "Panda Pants: 3,000 4,000"
    ]
  },
  {
    "words": [
      "Panda Head: 13,000 16,000 Blue"
    ]
  },
  {
    "words": [
      "Panda Shirt: 3,000 4,000 Blue"
    ]
  },
  {
    "words": [
      "Panda Backpack: 8,000 13,000"
    ]
  },
  {
    "words": [
      "Candy Lollipop: 1,500 2,000"
    ]
  },
  {
    "words": [
      "Blue Pacifier: 2,500 3,500"
    ]
  },
  {
    "words": [
      "Pink Pacifier: 2,500 - 3,500"
    ]
  },
  {
    "words": [
      "Baby Bonnet: 2,000 - 2,500"
    ]
  },
  {
    "words": [
      "Heart Tail: 100 - 200"
    ]
  },
  {
    "words": [
      "Yellow"
    ]
  },
  {
    "words": [
      "Princess Top: 150 - 250 Yellow"
    ]
  },
  {
    "words": [
      "Princess Dress: 150 250"
    ]
  },
  {
    "words": [
      "Princess Top: 150 - 250 Green"
    ]
  },
  {
    "words": [
      "Baby Owl 100 - 200"
    ]
  },
  {
    "words": [
      "Baby Top:"
    ]
  },
  {
    "words": [
      "Owl Shirt: 100 - 200 Baby"
    ]
  },
  {
    "words": [
      "Owl Pants: 100 - 200"
    ]
  },
  {
    "words": [
      "Topz Baby Owl 100 -200 Baby 200 Baby Owl"
    ]
  },
  {
    "words": [
      "Owl Shirt: 100 Pants: 100 200"
    ]
  },
  {
    "words": [
      "Mother Owl 100 200 Top: Mother"
    ]
  },
  {
    "words": [
      "Owl Shirt: 100 - 200 Mother"
    ]
  },
  {
    "words": [
      "Top: Rabbit F 100 - 200 Rabbit F Shirt: 100 - 200 Rabbit F Pants: 100 - 200"
    ]
  },
  {
    "words": [
      "Top: 100 200 Rabbit F Rabbit F Shirt: 100 200 Rabbit F Pants: 100 200"
    ]
  },
  {
    "words": [
      "Top: 100 - 200 Rabbit F Rabbit F Shirt: 100 - 200 Rabbit F Pants: 100 200"
    ]
  },
  {
    "words": [
      "Top: Rabbit F 100 200 Rabbit F Shirt: 100 - 200 Rabbit F Pants: 100 200"
    ]
  },
  {
    "words": [
      "Top: Rabbit M 100 - 200 Rabbit M Shirt: 100 - 200 Rabbit M Pants: 100 200"
    ]
  },
  {
    "words": [
      "Top: 100 - 200 Rabbit Rabbit M M Shirt: 100 - 200 Rabbit M Pants: 100 200"
    ]
  },
  {
    "words": [
      "Top: Cute Bee 150 - 300 Cute"
    ]
  },
  {
    "words": [
      "Bee Shirt: 150 300 Cute"
    ]
  },
  {
    "words": [
      "Bee Pants: 150 - 300"
    ]
  },
  {
    "words": [
      "Cute Bee 150 - 300"
    ]
  },
  {
    "words": [
      "Cute Top:"
    ]
  },
  {
    "words": [
      "Bee Top: 150 - 300 Cute"
    ]
  },
  {
    "words": [
      "Flower Top: 300 600"
    ]
  },
  {
    "words": [
      "Flower Shirt: 300 600"
    ]
  },
  {
    "words": [
      "Flower Pants: 300 600"
    ]
  },
  {
    "words": [
      "Rainbow"
    ]
  },
  {
    "words": [
      "Unicorn Tail: 1,000 1,500"
    ]
  },
  {
    "words": [
      "Unicorn Top: 1,000 1,500 Rainbow"
    ]
  },
  {
    "words": [
      "Unicorn Shirt: 1,000 1,500 Rainbow Unicorn 1,000 - 1,500 Pants:"
    ]
  },
  {
    "words": [
      "Unicorn Shirt: 1,000 1,500 Rainbow"
    ]
  },
  {
    "words": [
      "Unicorn Pants: 1,000 - 1,500"
    ]
  },
  {
    "words": [
      "Pink Balloon: 2,000 - 3,000"
    ]
  },
  {
    "words": [
      "Chocolate Wings: 2,000 - 3,000"
    ]
  },
  {
    "words": [
      "Chocolate Head: 500 800"
    ]
  },
  {
    "words": [
      "Chocolate Shirt: 500 - 800"
    ]
  },
  {
    "words": [
      "Chocolate Pants: 500 800"
    ]
  },
  {
    "words": [
      "Chocolate Staff: 500 - 800"
    ]
  },
  {
    "words": [
      "Mime Head: 300 - 600"
    ]
  },
  {
    "words": [
      "Mime Shirt: 300 600"
    ]
  },
  {
    "words": [
      "Mime Pants: 300 600"
    ]
  },
  {
    "words": [
      "Mime Head: 300 600 Mime 600"
    ]
  },
  {
    "words": [
      "Mime Pants: Shirt: 300 300 600"
    ]
  },
  {
    "words": [
      "Dress Top: 300 - 600 White"
    ]
  },
  {
    "words": [
      "Dress Bottom: 300 - 600"
    ]
  },
  {
    "words": [
      "White Suit: 1,000 500 White 1,500"
    ]
  },
  {
    "words": [
      "Suit Pants: 1,000"
    ]
  },
  {
    "words": [
      "White Suit: 1,000 500 White"
    ]
  },
  {
    "words": [
      "Suit Pants: 1,000 1,500"
    ]
  },
  {
    "words": [
      "Dress Top: 3,000 4,000"
    ]
  },
  {
    "words": [
      "Red Dress: 3,000 4,000"
    ]
  },
  {
    "words": [
      "Top Hat: 14,000 18,000 Red"
    ]
  },
  {
    "words": [
      "Tuxedo Top: 40,000 50,000 Red"
    ]
  },
  {
    "words": [
      "Tuxedo Pants: 15,000 20,000"
    ]
  },
  {
    "words": [
      "Heart Umbrella: 22,500 -27,500"
    ]
  },
  {
    "words": [
      "Knight's Shield: 250 - 550"
    ]
  },
  {
    "words": [
      "Knight's Helmet 2: 12,000 17,000"
    ]
  },
  {
    "words": [
      "Knight's Sword: 3,000 5,000"
    ]
  },
  {
    "words": [
      "Cupid Wings 2: 750 - 1,250"
    ]
  },
  {
    "words": [
      "Cupid Wig: 200 - 400 Cupid 300 - 600"
    ]
  },
  {
    "words": [
      "Cupid Pants: 300 600"
    ]
  },
  {
    "words": [
      "Cupid Bow: 500 - 1,000"
    ]
  },
  {
    "words": [
      "Bear Head: 330,000 360,000 Teddy"
    ]
  },
  {
    "words": [
      "Bear Shirt: 1,000 1,500 Teddy"
    ]
  },
  {
    "words": [
      "Bear Pants: 1,000 1,500"
    ]
  },
  {
    "words": [
      "This Flower: 4,000 - 6,000"
    ]
  },
  {
    "words": [
      "Love Wand: 150 - 250"
    ]
  },
  {
    "words": [
      "Wuvva Umbrella: 1,500 2,000"
    ]
  },
  {
    "words": [
      "Love Balloon: 400,000 - 430,000"
    ]
  },
  {
    "words": [
      "Devil's Halo: 50,000 - 58,000"
    ]
  },
  {
    "words": [
      "Angel Wings: 8,000 12,000"
    ]
  },
  {
    "words": [
      "Violet"
    ]
  },
  {
    "words": [
      "Orange"
    ]
  },
  {
    "words": [
      "Double"
    ]
  },
  {
    "words": [
      "Sword Back: 1,500 2,000"
    ]
  },
  {
    "words": [
      "Walking Cane: 4,000 - 6,000"
    ]
  },
  {
    "words": [
      "Cone Wand: 2,000 2,500"
    ]
  },
  {
    "words": [
      "Pencil Wand: 750 1,000"
    ]
  },
  {
    "words": [
      "Cow Head: 750 ,000"
    ]
  },
  {
    "words": [
      "Cow Shirt: 750 250"
    ]
  },
  {
    "words": [
      "Cow Pants: 750 - 1,250"
    ]
  },
  {
    "words": [
      "Cow's Tail: 750 - 1,250"
    ]
  },
  {
    "words": [
      "Jail Prisoner's Hat: 250 - 450 Jail Prisoner's Shirt: 500 - 1,000 Jail Prisoner's Pants: 2,500 5,000"
    ]
  },
  {
    "words": [
      "Safari Shirt: 4,000 6,000"
    ]
  },
  {
    "words": [
      "Safari Pants: 4,000 6,000"
    ]
  },
  {
    "words": [
      "Safety Vest: 2,000 - 5,000"
    ]
  },
  {
    "words": [
      "Black Beard: 1,000 - 1,500"
    ]
  },
  {
    "words": [
      "Cyclops"
    ]
  },
  {
    "words": [
      "Eye Mask: 1,000 - 2,000"
    ]
  },
  {
    "words": [
      "Watermelon Hat: 800 1,500"
    ]
  },
  {
    "words": [
      "Pineapple Hat: 800 1,500"
    ]
  },
  {
    "words": [
      "Lemon Hat: 800 1,500"
    ]
  },
  {
    "words": [
      "Lemon Hat: 800 1,500 Yori"
    ]
  },
  {
    "words": [
      "Qbeets Headphone: 5,000 8,000 Yorit"
    ]
  },
  {
    "words": [
      "Qbeets Headphone: 5,000 - 8,000 Yoriic"
    ]
  },
  {
    "words": [
      "Qbeets Headphone: 5,000 - 8,000 Yoriichiii"
    ]
  },
  {
    "words": [
      "Enlarged"
    ]
  },
  {
    "words": [
      "Qbee Head: 1,000 2,000 Yoriichiii"
    ]
  },
  {
    "words": [
      "Cyborg Head: 500 I,000 Yoriichiii 0"
    ]
  },
  {
    "words": [
      "Viking Helmet: 1,000 2,500 Yoriichiii"
    ]
  },
  {
    "words": [
      "Pigtail Hairstyle: 1,000 2,000 Yoriichiii"
    ]
  },
  {
    "words": [
      "Fish Head: 2,000 - 4,000 i o"
    ]
  },
  {
    "words": [
      "Fish Head: 2,000 4,000"
    ]
  },
  {
    "words": [
      "Princess Tiara: 400 700"
    ]
  },
  {
    "words": [
      "Easter Umbrella: 2,200,000 2,300,000"
    ]
  },
  {
    "words": [
      "Umbrella: 210,000 240,000"
    ]
  },
  {
    "words": [
      "Easter Umbrella: 3,000 4,500"
    ]
  },
  {
    "words": [
      "Rainbow Umbrella: 350,000 450,000"
    ]
  },
  {
    "words": [
      "Traditional Umbrella: 17,500 - 25,000"
    ]
  },
  {
    "words": [
      "Blossom Umbrella: 2,000 3,000"
    ]
  },
  {
    "words": [
      "Blossom Umbrella: 1,750 - 2,250"
    ]
  },
  {
    "words": [
      "Bunny Umbrella: 1,000 ,700"
    ]
  },
  {
    "words": [
      "Red Balloon: 130,000 - 145,000"
    ]
  },
  {
    "words": [
      "Easter Wand: 10,000- 12,500"
    ]
  },
  {
    "words": [
      "Egg Staff: 500 700"
    ]
  },
  {
    "words": [
      "Flower Wand: 750 ,500"
    ]
  },
  {
    "words": [
      "Carrot Wand: 2,500 - 4,500"
    ]
  },
  {
    "words": [
      "Epic Greek Orthodox"
    ]
  },
  {
    "words": [
      "Easter Crown: 18,000 - 25,000"
    ]
  },
  {
    "words": [
      "Bunny Tophat: 25,000 - 30,000"
    ]
  },
  {
    "words": [
      "Easter Tophat: 20,000 - 25,000"
    ]
  },
  {
    "words": [
      "Easter Bonnet: 10,000 - 20,000"
    ]
  },
  {
    "words": [
      "Easter Hat: 15,000 - 20,000"
    ]
  },
  {
    "words": [
      "Easter Hat: 17,000 22,000"
    ]
  },
  {
    "words": [
      "Boater Hat: 10,000 - 15,000"
    ]
  },
  {
    "words": [
      "Duck Hat: 35,000 - 40,000"
    ]
  },
  {
    "words": [
      "Rabbit Head: 200 - 350"
    ]
  },
  {
    "words": [
      "Frog Head: 400 - 700"
    ]
  },
  {
    "words": [
      "Ant Cap: 200 - 400"
    ]
  },
  {
    "words": [
      "Chicken Hat: 3,000 - 4,500"
    ]
  },
  {
    "words": [
      "Chick Hat: 1,500 - 2,500"
    ]
  },
  {
    "words": [
      "Egg Hat: 600 - 1,200"
    ]
  },
  {
    "words": [
      "Egg Head: 5,000 - 8,000"
    ]
  },
  {
    "words": [
      "Egg Cap: 2,500 - 4,000"
    ]
  },
  {
    "words": [
      "Carrot Hat: 400 - 600"
    ]
  },
  {
    "words": [
      "Carrot Headband: 150 250"
    ]
  },
  {
    "words": [
      "Lonely Branch: 1,000 1,500"
    ]
  },
  {
    "words": [
      "Flower: 500 - 1,000 ama"
    ]
  },
  {
    "words": [
      "Tam a Flower: 500 - 1,000"
    ]
  },
  {
    "words": [
      "Sunflower Glasses: 3,500 - 5,500"
    ]
  },
  {
    "words": [
      "Egg Sunglasses: 450 - 750"
    ]
  },
  {
    "words": [
      "Chick Head: 700 200"
    ]
  },
  {
    "words": [
      "Chick Shirt: 700 1,200"
    ]
  },
  {
    "words": [
      "Chick Pants: 1,200 700"
    ]
  },
  {
    "words": [
      "Chick Head: 700 200 Chick '200 Shirt: 700"
    ]
  },
  {
    "words": [
      "Chick Pants: enuce) 700 200"
    ]
  },
  {
    "words": [
      "Rainbow Wings: 3,000 - 4,000"
    ]
  },
  {
    "words": [
      "Rainbow Hat: 500 J000"
    ]
  },
  {
    "words": [
      "Pajama Shirt: 1,000 Rainbow 1,500 Rainbow"
    ]
  },
  {
    "words": [
      "Pajama Pants: 1,000 - 1,500"
    ]
  },
  {
    "words": [
      "Rainbow Hat: 500 JO00 Rainbow"
    ]
  },
  {
    "words": [
      "Pajama Shirt: 1,000 1,500 Rainbow"
    ]
  },
  {
    "words": [
      "Rainbow Headband: 500 1,000"
    ]
  },
  {
    "words": [
      "Pattern Shirt: 250 450"
    ]
  },
  {
    "words": [
      "Egg Shirt: 250 - 450"
    ]
  },
  {
    "words": [
      "Kimono Shirt: 350 - 500 Blue"
    ]
  },
  {
    "words": [
      "Kimono Skirt: 500 1,000"
    ]
  },
  {
    "words": [
      "Kimono Shirt: 350 500 1,000 Blue"
    ]
  },
  {
    "words": [
      "Kimono Skirt: 500"
    ]
  },
  {
    "words": [
      "Kimono Shirt: 350 - 550 1,500 Pink"
    ]
  },
  {
    "words": [
      "Kimono Shirt: 350 550 Pink"
    ]
  },
  {
    "words": [
      "Kimono Skirt: 1,000 1,500"
    ]
  },
  {
    "words": [
      "Floral Hat: 2,500 - 3,500"
    ]
  },
  {
    "words": [
      "Floral Shirt: 27,500 - 35,000"
    ]
  },
  {
    "words": [
      "Floral Pants: 17,500 22,500"
    ]
  },
  {
    "words": [
      "Rabbit Hood: 350 550 Pink"
    ]
  },
  {
    "words": [
      "Rabbit Shirt: 350 - 550 Pink"
    ]
  },
  {
    "words": [
      "Rabbit Pants: 350 - 550"
    ]
  },
  {
    "words": [
      "Blue Rabbit Hood 600 300 Blue"
    ]
  },
  {
    "words": [
      "Rabbit Shirt: 300 - 600 Blue"
    ]
  },
  {
    "words": [
      "Rabbit Pants: 300 600"
    ]
  },
  {
    "words": [
      "Rabbit Hood: 300 600 Blue"
    ]
  },
  {
    "words": [
      "Caterpillar Knapsack: 250 - 450"
    ]
  },
  {
    "words": [
      "Caterpillar Hoodie: 250 - 450"
    ]
  },
  {
    "words": [
      "Bee Backpack: 250 - 350"
    ]
  },
  {
    "words": [
      "Bee Helmet: 200 350"
    ]
  },
  {
    "words": [
      "Ladybug Wings: 15,000 -20,000"
    ]
  },
  {
    "words": [
      "Ladybug Helmet: 6,000 - 8,000"
    ]
  },
  {
    "words": [
      "Snail Backpack: 28,500 - 33,500"
    ]
  },
  {
    "words": [
      "Mushroom Hat: 27,500 - 32,500"
    ]
  },
  {
    "words": [
      "Cookie Backpack: 65,000 75,000"
    ]
  },
  {
    "words": [
      "Easter Backpack: 12,000 16,000"
    ]
  },
  {
    "words": [
      "Easter Backpack: 4,000 7,000"
    ]
  },
  {
    "words": [
      "Easter Backpack: 250 - 550"
    ]
  },
  {
    "words": [
      "Bunny Backpack: 300 - 500"
    ]
  },
  {
    "words": [
      "Garden Backpack: 400 800"
    ]
  },
  {
    "words": [
      "Floral Crown: 500 700"
    ]
  },
  {
    "words": [
      "Bunny Pyjamas 750,000 900,000"
    ]
  },
  {
    "words": [
      "Fab Yellow"
    ]
  },
  {
    "words": [
      "Bunny Ears: 250 450"
    ]
  },
  {
    "words": [
      "Keen Green"
    ]
  },
  {
    "words": [
      "Blue Fab"
    ]
  },
  {
    "words": [
      "Pinktastic"
    ]
  },
  {
    "words": [
      "Purplelicous"
    ]
  },
  {
    "words": [
      "Robozilla Head: 20,000 - 25,000"
    ]
  },
  {
    "words": [
      "Slyme Costume: 190,000 210,000"
    ]
  },
  {
    "words": [
      "Golden"
    ]
  },
  {
    "words": [
      "Egg Costume: 370,000 400,000"
    ]
  },
  {
    "words": [
      "Easter Staff: 10,000 - 12,500"
    ]
  },
  {
    "words": [
      "Easter Sweater: 5,000 - 8,000"
    ]
  },
  {
    "words": [
      "Rainbow Backpack: 150,000 170,000"
    ]
  },
  {
    "words": [
      "Rainbow Glasses: 45,000 55,000"
    ]
  },
  {
    "words": [
      "Rainbow Halo: 210,000 - 240,000"
    ]
  },
  {
    "words": [
      "Carrot Headphones: 5,000 7,000"
    ]
  },
  {
    "words": [
      "Easter Scarf: 27,500 - 32,500"
    ]
  },
  {
    "words": [
      "Holdable"
    ]
  },
  {
    "words": [
      "Easter Basket: 20,000 27,000"
    ]
  },
  {
    "words": [
      "Rabbit Backpack: 6,000 - 8,000"
    ]
  },
  {
    "words": [
      "Rabbit Glasses: 4,000 6,000"
    ]
  },
  {
    "words": [
      "Fool's Cap: 75,000 - 85,000"
    ]
  },
  {
    "words": [
      "Lesser Fool's Cap: 25,000 35,000"
    ]
  },
  {
    "words": [
      "Least Fool's Cap: 9,000 12,000"
    ]
  },
  {
    "words": [
      "Motley Shirt: 300,000 - 350,000"
    ]
  },
  {
    "words": [
      "Motley Pants:425,000 - 475,000"
    ]
  },
  {
    "words": [
      "Jester Pack: 13,000 18,000"
    ]
  },
  {
    "words": [
      "Jester's Cane: 135,000 - 145,000"
    ]
  },
  {
    "words": [
      "Clown Mask: 50,000 - 60,000"
    ]
  },
  {
    "words": [
      "Beaglepuss: 10,000 - 17,500"
    ]
  },
  {
    "words": [
      "Hipno Shadez: 40,000 60,000"
    ]
  },
  {
    "words": [
      "Banana"
    ]
  },
  {
    "words": [
      "Split hat: 25,000 35,000"
    ]
  },
  {
    "words": [
      "Block Hat: 6,500 - 8,500"
    ]
  },
  {
    "words": [
      "Worn Hat: 5,000 - 7,000"
    ]
  },
  {
    "words": [
      "Broken Glasses: 2,000-3,000"
    ]
  },
  {
    "words": [
      "Half Hat: 2,000 - 3,000"
    ]
  },
  {
    "words": [
      "Turner Head: 5,000 - 8,500"
    ]
  },
  {
    "words": [
      "Mushroom Umbrella: 4,000 6,000"
    ]
  },
  {
    "words": [
      "Pot Hat: 3,000 - 4,000"
    ]
  },
  {
    "words": [
      "LongFace: 3,000 5,000"
    ]
  },
  {
    "words": [
      "Lightbulb Hat: 7,000 9,000"
    ]
  },
  {
    "words": [
      "Fox Hood: 1,250 1,750"
    ]
  },
  {
    "words": [
      "Hiker's Backpack: 1,000 - 1,500"
    ]
  },
  {
    "words": [
      "Fall Scarf: 12,500 - 17,500"
    ]
  },
  {
    "words": [
      "Plaid Scarf: 3,000 5,000"
    ]
  },
  {
    "words": [
      "Blue Beanie: 300 800 Blue"
    ]
  },
  {
    "words": [
      "Plaid Shirt: 1,000 2,000"
    ]
  },
  {
    "words": [
      "Red Beanie: 300 - 800 Red"
    ]
  },
  {
    "words": [
      "Feather Hat: 1,200 1,500"
    ]
  },
  {
    "words": [
      "Maple Umbrella: 3,000 - 4,000"
    ]
  },
  {
    "words": [
      "Acorn Backpack: 150 - 300"
    ]
  },
  {
    "words": [
      "Acorn Hat: 100 200"
    ]
  },
  {
    "words": [
      "Acorn Mask: 500 OO0"
    ]
  },
  {
    "words": [
      "Acorn Shirt: 750 - 1,250"
    ]
  },
  {
    "words": [
      "Acorn Mask: 500 1,000"
    ]
  },
  {
    "words": [
      "Scout Cap: Boy J000 500 Boy"
    ]
  },
  {
    "words": [
      "Scout Shirt: 1,000 1,500 Boy"
    ]
  },
  {
    "words": [
      "Scout Cap: 1,000 1,500 Boy"
    ]
  },
  {
    "words": [
      "Scout Shirt: 1,000 1,500 Boy 1,500"
    ]
  },
  {
    "words": [
      "Scout Cap: 1,000 Boy 500 Boy"
    ]
  },
  {
    "words": [
      "Scout Cap: J000 500 Boy"
    ]
  },
  {
    "words": [
      "Autumn Hat: 2,500 - 3,500"
    ]
  },
  {
    "words": [
      "Autumn Hawaiian: 6,000 - 8,000"
    ]
  },
  {
    "words": [
      "Autumn Umbrella: 3,000 - 4,000"
    ]
  },
  {
    "words": [
      "Turkey Umbrella: 1,000 - 1,500"
    ]
  },
  {
    "words": [
      "Leg Balloon: 700 1,200"
    ]
  },
  {
    "words": [
      "Amethyst"
    ]
  },
  {
    "words": [
      "Turkey Tail: 30,000 40,000"
    ]
  },
  {
    "words": [
      "Turkey Tail: 160,000 180,000"
    ]
  },
  {
    "words": [
      "Monochrome"
    ]
  },
  {
    "words": [
      "Turkey Tail: 400,000 - 450,000"
    ]
  },
  {
    "words": [
      "Pooper Scooper: 200 - 300"
    ]
  },
  {
    "words": [
      "Hunting Net: 1 - 5"
    ]
  },
  {
    "words": [
      "Green Deluxe"
    ]
  },
  {
    "words": [
      "Hunting Net: 1,250 1,750"
    ]
  },
  {
    "words": [
      "Turkey Tail: 300 - 500"
    ]
  },
  {
    "words": [
      "Turkey Beak: 500 - 1,000"
    ]
  },
  {
    "words": [
      "Football Helmet: 350 - 550"
    ]
  },
  {
    "words": [
      "Shoulder Top: 500 ,000 Jeans: 4,000 6,000"
    ]
  },
  {
    "words": [
      "Shoulder Top: 500 1,000 6,000 Jeans: 4,000"
    ]
  },
  {
    "words": [
      "Festival Shirt: 600 800 Festival 1,200 Pants: 600"
    ]
  },
  {
    "words": [
      "Festival Hat: 500 1,000"
    ]
  },
  {
    "words": [
      "Festival Hat: 150 -250"
    ]
  },
  {
    "words": [
      "Brown Suit: 2,000 3,000"
    ]
  },
  {
    "words": [
      "Brown Pants: 2,000 - 3,000"
    ]
  },
  {
    "words": [
      "Pilgrim Bonnet: 2,500 4,500"
    ]
  },
  {
    "words": [
      "Pilgrim Skirt: Looo 2,000"
    ]
  },
  {
    "words": [
      "Pilgrim Skirt: 1,000 2,000"
    ]
  },
  {
    "words": [
      "Pilgrim's Hat: 500 1,000 Pilgrim's Coat: 8,000 10,000 Pilgrim's Pants: 8,000 - 10,000"
    ]
  },
  {
    "words": [
      "Pilgrim's Hat: 500 Oo0 Pilgrim's Coat: 8,000 - 10,000 Pilgrim' s Pants: 8,000 - 10,000"
    ]
  },
  {
    "words": [
      "Pilgrim"
    ]
  },
  {
    "words": [
      "Hat Bush: 500 - 1,000"
    ]
  },
  {
    "words": [
      "Leaf Mask: 350-550"
    ]
  },
  {
    "words": [
      "Leaves Top: 350 - 550 Dry"
    ]
  },
  {
    "words": [
      "Leaves Pants: 350 - 550"
    ]
  },
  {
    "words": [
      "Leaf Mask: 350-550 Dry"
    ]
  },
  {
    "words": [
      "Leaf Staff: 450 - 750"
    ]
  },
  {
    "words": [
      "Pumpkin Hat: 35,000 - 45,000"
    ]
  },
  {
    "words": [
      "Pumpkin Staff: 3,000 5,000"
    ]
  },
  {
    "words": [
      "Turkey Bolo: 65,000 - 80,000"
    ]
  },
  {
    "words": [
      "Turkey Staff: 4,000 - 5,000"
    ]
  },
  {
    "words": [
      "Turkey Head: 20,000 30,000"
    ]
  },
  {
    "words": [
      "Hunting Cap: 300,000 320,000"
    ]
  },
  {
    "words": [
      "Beard: 600,000 - 650,000"
    ]
  },
  {
    "words": [
      "Trumpet Hat: 270,000 - 300,000"
    ]
  },
  {
    "words": [
      "Ghost Costume: 1,500,000 2,000,000"
    ]
  },
  {
    "words": [
      "Slyme Costume: 300,000 320,000"
    ]
  },
  {
    "words": [
      "Headlessness: 2,500,000 2,800,000"
    ]
  },
  {
    "words": [
      "Vampire Outfit: 270,000 300,000"
    ]
  },
  {
    "words": [
      "Vampire's Cloak: 6,500 - 7,500"
    ]
  },
  {
    "words": [
      "Pumpkin Pack: 190,000 - 210,000"
    ]
  },
  {
    "words": [
      "Skeletal Wings: 50,000 - 60,000"
    ]
  },
  {
    "words": [
      "Web Wings: 17,000 22,000"
    ]
  },
  {
    "words": [
      "Dino Head: 300,000 330,000"
    ]
  },
  {
    "words": [
      "Monster Head: 400,000 440,000"
    ]
  },
  {
    "words": [
      "Shark Head: 210,000 - 230,000"
    ]
  },
  {
    "words": [
      "Werewolf Head: 75,000 85,000"
    ]
  },
  {
    "words": [
      "Pyramid Head: 50,000 60,000"
    ]
  },
  {
    "words": [
      "Dark Visitor: 18,000 - 24,000"
    ]
  },
  {
    "words": [
      "Twobee Head: 25,000 30,000"
    ]
  },
  {
    "words": [
      "Beakbee Head: 9,000 - 12,000"
    ]
  },
  {
    "words": [
      "Toothbee Head: 9,000 - 12,000"
    ]
  },
  {
    "words": [
      "Cyclobee Head: 9,000 - 12,000"
    ]
  },
  {
    "words": [
      "Psychic"
    ]
  },
  {
    "words": [
      "Revelation Cap: 2,000 3,000"
    ]
  },
  {
    "words": [
      "Repulsion Cap: 2,000 3,000"
    ]
  },
  {
    "words": [
      "Plague Doctor: 20,000 25,000"
    ]
  },
  {
    "words": [
      "Plague Doctor: 8,000 12,000"
    ]
  },
  {
    "words": [
      "Plague Doctor: 500 - 1,000"
    ]
  },
  {
    "words": [
      "Demon Mask: 2,000 3,000"
    ]
  },
  {
    "words": [
      "Demon Mask: 700 - 1,100"
    ]
  },
  {
    "words": [
      "Head Mask: 500 - 800"
    ]
  },
  {
    "words": [
      "Witch Mask: 500 - 800"
    ]
  },
  {
    "words": [
      "Goblin Mask: 500 - 800"
    ]
  },
  {
    "words": [
      "Bat Mask: 250 - 450"
    ]
  },
  {
    "words": [
      "Big Eyes: 2,000 - 3,000"
    ]
  },
  {
    "words": [
      "Killer Mask V2: 750 - 1,000"
    ]
  },
  {
    "words": [
      "Killer Mask: 250 - 500"
    ]
  },
  {
    "words": [
      "Designed Jacket: 400 700"
    ]
  },
  {
    "words": [
      "Cat Tail: 2,000 3,000"
    ]
  },
  {
    "words": [
      "Cat Hood: 2,000 3,000 Black"
    ]
  },
  {
    "words": [
      "Cat Shirt: 2,000 3,000 Black"
    ]
  },
  {
    "words": [
      "Cat Pants: 2,000 3,000"
    ]
  },
  {
    "words": [
      "Cat Hood: 2,000 3,000 JO00 _ Black"
    ]
  },
  {
    "words": [
      "Cat Shirt: 2. 3,000 Black"
    ]
  },
  {
    "words": [
      "Katana on Back: 6,500 - 8,500"
    ]
  },
  {
    "words": [
      "Ninja Mask: 750 250 Ninja 500"
    ]
  },
  {
    "words": [
      "Ninja Pants: Shirt: 1,000 3,000 4,000"
    ]
  },
  {
    "words": [
      "Dinosaur Tail: 2,000 3,000"
    ]
  },
  {
    "words": [
      "Dinosaur Hood: 17,500 22,500"
    ]
  },
  {
    "words": [
      "Dinosaur Shirt: 2,500 - 3,500"
    ]
  },
  {
    "words": [
      "Dinosaur Pants: 2,500 - 3,500"
    ]
  },
  {
    "words": [
      "Pumpkin Head: 800 300"
    ]
  },
  {
    "words": [
      "Pumpkin Shirt: 300 - 500"
    ]
  },
  {
    "words": [
      "Pumpkin Pants: 300 - 500"
    ]
  },
  {
    "words": [
      "Pumpkin Head: 800 - 1,300"
    ]
  },
  {
    "words": [
      "Voodoo"
    ]
  },
  {
    "words": [
      "Doll Head: 2,500 4,000"
    ]
  },
  {
    "words": [
      "Voodoo Shirt: 2,500 4,000"
    ]
  },
  {
    "words": [
      "Voodoo Pants: 2,500 - 4,000"
    ]
  },
  {
    "words": [
      "Skinless Head: 750 ,250"
    ]
  },
  {
    "words": [
      "Skinless Shirt: 750 250"
    ]
  },
  {
    "words": [
      "Skinless Pants: 750 1,250"
    ]
  },
  {
    "words": [
      "Skull Head: 750 1,500 Skellie"
    ]
  },
  {
    "words": [
      "Suit Shirt: 3,000 5,000 Skellie"
    ]
  },
  {
    "words": [
      "Suit Pants: 3,000 - 5,000"
    ]
  },
  {
    "words": [
      "Wrap Head: 3,000 5,000 Mummy"
    ]
  },
  {
    "words": [
      "Wrap Shirt: 7,000 Mummy Wrap 5,000 Pants: 33,000 - 37,000"
    ]
  },
  {
    "words": [
      "Wrap Shirt: 5,000 - 7,000 Mummy"
    ]
  },
  {
    "words": [
      "Wrap Pants: 33,000 37,000"
    ]
  },
  {
    "words": [
      "Traveller Head: 6,000 9,000 Dark"
    ]
  },
  {
    "words": [
      "Traveller Shirt: 19,000 - 21,000 Dark"
    ]
  },
  {
    "words": [
      "Traveller Pants: 19,000 - 21,000"
    ]
  },
  {
    "words": [
      "Zombie Head: 20,000 - 25,000"
    ]
  },
  {
    "words": [
      "Zombie Shirt: 12,500 17,500"
    ]
  },
  {
    "words": [
      "Zombie Pants: 25,000 - 30,000"
    ]
  },
  {
    "words": [
      "Witch's Broom: 200 - 300"
    ]
  },
  {
    "words": [
      "Nature's Staff: 150 300"
    ]
  },
  {
    "words": [
      "Wizard's Wand: 150 - 300"
    ]
  },
  {
    "words": [
      "Pitchfork: 250 - 450"
    ]
  },
  {
    "words": [
      "Pitchfork: 250 - 450 Don ?"
    ]
  },
  {
    "words": [
      "Egyptian Staff: 2,000 - 4,000"
    ]
  },
  {
    "words": [
      "Devil's Pitchfork: 6,000 - 10,000"
    ]
  },
  {
    "words": [
      "Ogre Club: 500 1,000"
    ]
  },
  {
    "words": [
      "Giant Needle: 650 - 1,000"
    ]
  },
  {
    "words": [
      "Knife: 300 - 600"
    ]
  },
  {
    "words": [
      "Don Knife: 300 - 600 D8"
    ]
  },
  {
    "words": [
      "Flashlight: 300 - 600"
    ]
  },
  {
    "words": [
      "Wizard's Spellbook: 40,000 '43,000"
    ]
  },
  {
    "words": [
      "Pumpkin Basket: 6,000 10,000"
    ]
  },
  {
    "words": [
      "Trick or"
    ]
  },
  {
    "words": [
      "Treat Bag: 2,500 - 3,500"
    ]
  },
  {
    "words": [
      "Bag: - 2,500 - 3,500 Trick or Treat"
    ]
  },
  {
    "words": [
      "Bag: 2,500 - 3,500 Trick or Treat F"
    ]
  },
  {
    "words": [
      "Jack-O-Brella: 1,500 -2,500"
    ]
  },
  {
    "words": [
      "Pumpkin Balloon: 2,500 - 4,000"
    ]
  },
  {
    "words": [
      "Spiderbrella: 800 1,600"
    ]
  },
  {
    "words": [
      "Skull Balloon: 70,000 - 85,000"
    ]
  },
  {
    "words": [
      "Scythe: 1,650,000 - 1,850,000"
    ]
  },
  {
    "words": [
      "Dragon Head: 8,000 - 10,000"
    ]
  },
  {
    "words": [
      "Goblin Head: 1,250 - 1,750"
    ]
  },
  {
    "words": [
      "Lagoon Lurker: 1,000 1,500"
    ]
  },
  {
    "words": [
      "Anubis Mask: 500 - 1,000"
    ]
  },
  {
    "words": [
      "Spider Head: 750 - 1,500"
    ]
  },
  {
    "words": [
      "Cleopatra Wig: 400 - 750"
    ]
  },
  {
    "words": [
      "Over Face: 400 - 600"
    ]
  },
  {
    "words": [
      "Wig: Medusa 200 - 300"
    ]
  },
  {
    "words": [
      "Medusa Wig: 200 - 300"
    ]
  },
  {
    "words": [
      "Wig: Bride of Frankenstein 250 400"
    ]
  },
  {
    "words": [
      "Bride of"
    ]
  },
  {
    "words": [
      "Frankenstein Wig: 250 400"
    ]
  },
  {
    "words": [
      "Frankenstein Head: 1,500 - 2,500"
    ]
  },
  {
    "words": [
      "Robot Head: 1,250 -2,000"
    ]
  },
  {
    "words": [
      "Vampire Outfit: 10,000 15,000"
    ]
  },
  {
    "words": [
      "Mouth Head: 3,000 5,000"
    ]
  },
  {
    "words": [
      "Scientist Wig: 900 - 1,500"
    ]
  },
  {
    "words": [
      "Witch's Hat: 250 - 500"
    ]
  },
  {
    "words": [
      "Hunter's Hat: 250 500"
    ]
  },
  {
    "words": [
      "Candle Hat: 250 - 500"
    ]
  },
  {
    "words": [
      "Button Eyes: 7,000 - 12,000"
    ]
  },
  {
    "words": [
      "Third Eye: 750 - 1,250"
    ]
  },
  {
    "words": [
      "Tombstone Backpack: 5,000 8,000"
    ]
  },
  {
    "words": [
      "Werewolf Head: 300,000 340,000"
    ]
  },
  {
    "words": [
      "Bat Head: 100,000 - 120,000"
    ]
  },
  {
    "words": [
      "Spider Backpack: 2,000 - 4,000"
    ]
  },
  {
    "words": [
      "Jack 0 Shirt: 2,500 - 4,000"
    ]
  },
  {
    "words": [
      "Dog Head: 1,000 500 Shirt: 800 500"
    ]
  },
  {
    "words": [
      "Dog Pants: 800 1,500"
    ]
  },
  {
    "words": [
      "Dog Head: 1,000 500"
    ]
  },
  {
    "words": [
      "Dog Shirt: 800 500 Pants: 800 1,500"
    ]
  },
  {
    "words": [
      "Pig Tail: 3,000 - 4,000"
    ]
  },
  {
    "words": [
      "Panda Head: 2,000 3,000"
    ]
  },
  {
    "words": [
      "Panda Shirt: 1,500 - 2,500"
    ]
  },
  {
    "words": [
      "Panda Pants: 1,500 2,500"
    ]
  },
  {
    "words": [
      "Panda Head: 2,000 3,000 500 2,500"
    ]
  },
  {
    "words": [
      "Panda Shirt:"
    ]
  },
  {
    "words": [
      "Crowbar: 500 - 800"
    ]
  },
  {
    "words": [
      "Fairycore"
    ]
  },
  {
    "words": [
      "Flower Hat: 1,500 2,500 FzdoG9r8rViro Shine"
    ]
  },
  {
    "words": [
      "Vine Shirt: 1,000 Pants: 1,000 2,000"
    ]
  },
  {
    "words": [
      "Flower Hat: 1,500 2,500 FzoogorirVioer Shine"
    ]
  },
  {
    "words": [
      "Flower Hat: 1,500 2,500 Fairycore"
    ]
  },
  {
    "words": [
      "Vine Shirt: 1,000 - 2,000 Fairycore"
    ]
  },
  {
    "words": [
      "Vine Pants: 1,000 - 2,000"
    ]
  },
  {
    "words": [
      "Bone Crown: 1,000 -2,000"
    ]
  },
  {
    "words": [
      "Skeleton Staff: 2,000 3,000"
    ]
  },
  {
    "words": [
      "Skull Backpack: 1,000 - 2,000"
    ]
  },
  {
    "words": [
      "Pumpkin Umbrella: 1,500 - 2,500"
    ]
  },
  {
    "words": [
      "Battle Axe: 1,000 1,500"
    ]
  },
  {
    "words": [
      "Slyme Costume: 7,000 10,000"
    ]
  },
  {
    "words": [
      "Spider Glasses: 1,000 - 1,500"
    ]
  },
  {
    "words": [
      "Charm Hat: 800 - 1,300"
    ]
  },
  {
    "words": [
      "Pumpkin Head 2025: 9,000 13,000"
    ]
  },
  {
    "words": [
      "Bunnyhop Mount: 50,000 70,000"
    ]
  },
  {
    "words": [
      "Rollercoaster Car: 5,000 6,500"
    ]
  },
  {
    "words": [
      "Key: \" Rocket 20,000 - 25,000"
    ]
  },
  {
    "words": [
      "Rocket Key: 20,000 - 25,000"
    ]
  },
  {
    "words": [
      "Rocket Key: 35,000 50,000"
    ]
  },
  {
    "words": [
      "Christmas Key: 7,000 - 11,000"
    ]
  },
  {
    "words": [
      "Sled Key: 90,000 - 110,000"
    ]
  },
  {
    "words": [
      "Rocket Sled: 240,000 - 280,000"
    ]
  },
  {
    "words": [
      "Mobile Key: 70,000 90,000"
    ]
  },
  {
    "words": [
      "Iuce) Re"
    ]
  },
  {
    "words": [
      "Floating Witch's"
    ]
  },
  {
    "words": [
      "Broom Key: 100,000 120,000"
    ]
  },
  {
    "words": [
      "Floatingooch Witch's"
    ]
  },
  {
    "words": [
      "Broom Key: 120,000"
    ]
  },
  {
    "words": [
      "Cadiad8: 150,000 Haunted"
    ]
  },
  {
    "words": [
      "Caaoiade: ` 150,000 Haunted"
    ]
  },
  {
    "words": [
      "Bunnymobile Key: 90,000 130,000"
    ]
  },
  {
    "words": [
      "Key: Bunnymobile 90,000 130,000"
    ]
  },
  {
    "words": [
      "Easterider Keys: 500,000 550,000"
    ]
  },
  {
    "words": [
      "Key: Luvmobile 550,000 600,000"
    ]
  },
  {
    "words": [
      "Luvmobile Key: 550,000 600,000"
    ]
  },
  {
    "words": [
      "Buggy Key: 27,500 35,000"
    ]
  },
  {
    "words": [
      "Key: Moon Buggy 27,500 35,000\""
    ]
  },
  {
    "words": [
      "Luxoride Ekey: 35,000 - 40,000"
    ]
  },
  {
    "words": [
      "Offroader Keys: 22,500 - 27,500"
    ]
  },
  {
    "words": [
      "Key: Pinkster 13,000 - 17,000"
    ]
  },
  {
    "words": [
      "Key: Spudbuggy 11,000 - 13,000"
    ]
  },
  {
    "words": [
      "Spudbuggy Key: 11,000 - 13,000"
    ]
  },
  {
    "words": [
      "Sportmobile Key: 6,000 - 8,000"
    ]
  },
  {
    "words": [
      "Dorkmobile Keys: 3,000 - 3,500"
    ]
  },
  {
    "words": [
      "Tractor Keys: 2,000 3,000"
    ]
  },
  {
    "words": [
      "Scuba Mask: 210,000 230,000"
    ]
  },
  {
    "words": [
      "Hawaiian Shirt: 190,000 220,000"
    ]
  },
  {
    "words": [
      "Hawaiian Shirt: 45,000 55,000"
    ]
  },
  {
    "words": [
      "Guy Hairy On The"
    ]
  },
  {
    "words": [
      "Beach Chest: ) 40,000 : 50,000 Hairy Guy ' On The"
    ]
  },
  {
    "words": [
      "Beach Thong: 200,000 220,000"
    ]
  },
  {
    "words": [
      "Beach Chest: 40,000 - 50,000 Hairy Guy On The"
    ]
  },
  {
    "words": [
      "Beach Chest: LF 40,000 : 50,000 Hairy Guy On The"
    ]
  },
  {
    "words": [
      "Beach Chest: 40,000 : 50,000 Hairy Guy On 226,803: z00,00 The Beach"
    ]
  },
  {
    "words": [
      "Bikini Top: 60,000 80,000 Black"
    ]
  },
  {
    "words": [
      "Bikini Bottoms: 200,000 230,000"
    ]
  },
  {
    "words": [
      "Bikini Top: 10,000 - 15,000 Pink"
    ]
  },
  {
    "words": [
      "Bikini Bottoms: 17,500 22,500"
    ]
  },
  {
    "words": [
      "Tankini Top: 7,000 - 10,000 Red"
    ]
  },
  {
    "words": [
      "Bikini Bottoms: 10,000 15,000"
    ]
  },
  {
    "words": [
      "Top: 5,000 Yellow Tankini 7,500 Yellow"
    ]
  },
  {
    "words": [
      "Bikini Bottoms: 5,000 7,500"
    ]
  },
  {
    "words": [
      "Top: Yellow Tankini 5,000 7,500 Yellow"
    ]
  },
  {
    "words": [
      "Top: Blue Tankini 6,000 8,000 Blue"
    ]
  },
  {
    "words": [
      "Fishing Rod: 20,000 30,000"
    ]
  },
  {
    "words": [
      "Fishing Hat: 3,000 4,000"
    ]
  },
  {
    "words": [
      "Fishing Vest: 4,000 5,000"
    ]
  },
  {
    "words": [
      "Fishing Pants: 3,500 4,500"
    ]
  },
  {
    "words": [
      "Grilling Tongs: 10,000 15,000"
    ]
  },
  {
    "words": [
      "Ranger Hat: 30,000 35,000"
    ]
  },
  {
    "words": [
      "Leather Backpack: 8,000 - 11,000"
    ]
  },
  {
    "words": [
      "Blue Backpack: 14,000 - 17,000"
    ]
  },
  {
    "words": [
      "Camo Backpack: 5,000 - 7,000"
    ]
  },
  {
    "words": [
      "Chicken"
    ]
  },
  {
    "words": [
      "Zombie Cap: 2,000 3,000"
    ]
  },
  {
    "words": [
      "Cap: Chicken Zombie 2,000 3,000"
    ]
  },
  {
    "words": [
      "Zombie Head: 2,000 3,000 Chicken"
    ]
  },
  {
    "words": [
      "Zombie Shirt: 2,000 - 3,000 Chicken"
    ]
  },
  {
    "words": [
      "Pablo Hat: 10,000 - 15,000 Pablo"
    ]
  },
  {
    "words": [
      "Smile Shirt: 10,000 - 15,000"
    ]
  },
  {
    "words": [
      "Bandana Mask: 45,000 Shirt: 3,000 55,000 Bad Eg86"
    ]
  },
  {
    "words": [
      "Bandana Mask: 45,000 Shirt: 3,000 55,000 Bad Egg 4,000"
    ]
  },
  {
    "words": [
      "Bandana Mask: 45,000 55,000 Bad"
    ]
  },
  {
    "words": [
      "Egg Shirt: 3,000 4,000"
    ]
  },
  {
    "words": [
      "Crash Headband: 4,000 6,000"
    ]
  },
  {
    "words": [
      "King Mask: 5,000 10,000"
    ]
  },
  {
    "words": [
      "Ice Mask: 5,000 - 10,000"
    ]
  },
  {
    "words": [
      "Ringmaster Hat: 2,000 3,000"
    ]
  },
  {
    "words": [
      "Ringmaster Pants: 2,000 3,000\""
    ]
  },
  {
    "words": [
      "Ringmaster Cane: 1,000 -2,000"
    ]
  },
  {
    "words": [
      "Butterfly Balloon: 200 - 500"
    ]
  },
  {
    "words": [
      "Unicorn Balloon: 200 - 500"
    ]
  },
  {
    "words": [
      "Bear Balloon: 200 - 500"
    ]
  },
  {
    "words": [
      "Cat Balloon: 200 500"
    ]
  },
  {
    "words": [
      "Clown Balloon: 200 - 500"
    ]
  },
  {
    "words": [
      "Ocotpus Balloon: 1,000 - 1,500"
    ]
  },
  {
    "words": [
      "Ocotpus Balloon: 1,000 500"
    ]
  },
  {
    "words": [
      "Jce) Fl"
    ]
  },
  {
    "words": [
      "Lion Balloon: 200 500"
    ]
  },
  {
    "words": [
      "Lion Balloon: 200 - 500 enticer"
    ]
  },
  {
    "words": [
      "Heart Antenna: 1,000 - 1,500"
    ]
  },
  {
    "words": [
      "Duck Headband: 1,500 - 2,000"
    ]
  },
  {
    "words": [
      "Frog Headband: 1,500 -2,000"
    ]
  },
  {
    "words": [
      "Krampus Mask 2,100,000 2,300,000"
    ]
  },
  {
    "words": [
      "iii Krampus Mask 2018: 60,000 70,000"
    ]
  },
  {
    "words": [
      "Krampus Mask 2018: 60,000 70,000"
    ]
  },
  {
    "words": [
      "Fake Krampus: 20,000 30,000"
    ]
  },
  {
    "words": [
      "Krampus Mask 2020: 6,000 8,000"
    ]
  },
  {
    "words": [
      "Krampus Shirt: 1,500 2,000"
    ]
  },
  {
    "words": [
      "Krampus Pants: 1,500 2,000"
    ]
  },
  {
    "words": [
      "Christmas Costume: 220,000 240,000"
    ]
  },
  {
    "words": [
      "Snowman Costume: 25,000 30,000"
    ]
  },
  {
    "words": [
      "Gingerbread Head: 75,000 100,000"
    ]
  },
  {
    "words": [
      "Gingerbread Shirt: 150 250"
    ]
  },
  {
    "words": [
      "Gingerbread Pants: 150 250"
    ]
  },
  {
    "words": [
      "OGiogerbiregerteead 3h000i50 Head: 75,000 100,0 250"
    ]
  },
  {
    "words": [
      "Ice Head: 285,000 335,000 Ice 2,000 - 4,000"
    ]
  },
  {
    "words": [
      "Ice pants: shirt: 2,000 - 4,000"
    ]
  },
  {
    "words": [
      "Ice Head: 285,000 - 335,000"
    ]
  },
  {
    "words": [
      "Ice shirt: 2,000 - 4,000"
    ]
  },
  {
    "words": [
      "Ice pants: 2,000 - 4,000"
    ]
  },
  {
    "words": [
      "Snowflake Staff: 300 - 550c"
    ]
  },
  {
    "words": [
      "Qbee Head: 350 - 550 Snow"
    ]
  },
  {
    "words": [
      "Qbee Top: 350 - 550 Snow"
    ]
  },
  {
    "words": [
      "Qbee Pants: 350 550"
    ]
  },
  {
    "words": [
      "Icy Wings: 300 - 600"
    ]
  },
  {
    "words": [
      "Santa Beard: 500 1,000"
    ]
  },
  {
    "words": [
      "Santa Hat: 100 - 200"
    ]
  },
  {
    "words": [
      "Santa Shirt: 100 200"
    ]
  },
  {
    "words": [
      "Santa Hat: 100 150 Mrs"
    ]
  },
  {
    "words": [
      "Claus Skirt: 200 350"
    ]
  },
  {
    "words": [
      "Elf Hat: 100 200"
    ]
  },
  {
    "words": [
      "Elf Cap: 100 - 150"
    ]
  },
  {
    "words": [
      "Elf Hat: 100 - 200 Elf Shirt 150 250"
    ]
  },
  {
    "words": [
      "Elf Pants: 500 - 1,250"
    ]
  },
  {
    "words": [
      "Soldier Gun: 3,000 4,000"
    ]
  },
  {
    "words": [
      "Toy Soldier Cap 2020: 350 - 550 Toy"
    ]
  },
  {
    "words": [
      "Soldier Shirt: 1,500 - 3,000"
    ]
  },
  {
    "words": [
      "Soldier Pants: 750 - 1,250 Toy"
    ]
  },
  {
    "words": [
      "Soldier Shirt: 1,500 3,000 Toy"
    ]
  },
  {
    "words": [
      "Soldier Pants: 750 1,250"
    ]
  },
  {
    "words": [
      "Doll Wig: 150 - 250"
    ]
  },
  {
    "words": [
      "Doll Shirt: 150 - 250"
    ]
  },
  {
    "words": [
      "Doll Dress: 150 250"
    ]
  },
  {
    "words": [
      "Penguin Hood: 300 600"
    ]
  },
  {
    "words": [
      "Penguin Shirt: 300 600"
    ]
  },
  {
    "words": [
      "Penguin Pants: 300 600"
    ]
  },
  {
    "words": [
      "Peppermint Umbrella: 500 - 1,000"
    ]
  },
  {
    "words": [
      "Peppermint Hat: 300 - 500"
    ]
  },
  {
    "words": [
      "Peppermint Shirt: 300 500"
    ]
  },
  {
    "words": [
      "Itle (snoN TifNo"
    ]
  },
  {
    "words": [
      "Ski Google: 150 250 Red"
    ]
  },
  {
    "words": [
      "Ski Mask: 500 - 1,000"
    ]
  },
  {
    "words": [
      "Ski Googles: 150 - 250 Blue"
    ]
  },
  {
    "words": [
      "Ski Mask: 150 - 250"
    ]
  },
  {
    "words": [
      "Christmas Sweater: 175 250"
    ]
  },
  {
    "words": [
      "Christmas Outfit: 100 - 200"
    ]
  },
  {
    "words": [
      "Christmas Outfit: 100 200 nowi"
    ]
  },
  {
    "words": [
      "Christmas Outfit: 100 200 \"Jul Nova"
    ]
  },
  {
    "words": [
      "Trozen incim e (Sn"
    ]
  },
  {
    "words": [
      "froren In"
    ]
  },
  {
    "words": [
      "Shiny Nose: 9,000 12,000"
    ]
  },
  {
    "words": [
      "Shiny Nose: 9,000 12,000 21 ( TT Nov"
    ]
  },
  {
    "words": [
      "Shiny Nose: 9,000 - 12,000 MSnow Nova"
    ]
  },
  {
    "words": [
      "tim e (Snowi) Oen Jif Nova ("
    ]
  },
  {
    "words": [
      "Carrot Nose: 100 - 200 dm e (Suow Hi(Nova ("
    ]
  },
  {
    "words": [
      "Carrot Nose: 100 - 200 Elm € (Snowi) [CNOv"
    ]
  },
  {
    "words": [
      "Carrot Nose: 100 - 200 (Snowp) Cif Nova"
    ]
  },
  {
    "words": [
      "Christmas Glasses: 100 200 Trozen me (Snowi) Cif Nova [ 217"
    ]
  },
  {
    "words": [
      "Christmas Glasses: 100 200 Irozen (Sno NY 21 [ ( Iif Nova ("
    ]
  },
  {
    "words": [
      "Christmas Glasses: 100 200 cime (Snowi) Ineze01"
    ]
  },
  {
    "words": [
      "Christmas Glasses: 100 200 pieli (Snow 21 ( H Nova ( ="
    ]
  },
  {
    "words": [
      "Christmas Glasses: 100 200 Tozen (Snowt 21 ( ( @(Nova"
    ]
  },
  {
    "words": [
      "Christmas Glasses: 100 200 belit snok cT'Nova"
    ]
  },
  {
    "words": [
      "Christmas Glasses: 100 200 (Snow 'Tf Nova [ 41"
    ]
  },
  {
    "words": [
      "Doni Lu(ue (Apprenuce)"
    ]
  },
  {
    "words": [
      "Christmas Glasses: 100 - 200"
    ]
  },
  {
    "words": [
      "YJif Nov 21"
    ]
  },
  {
    "words": [
      "Elf Glasses: 100 200"
    ]
  },
  {
    "words": [
      "Elf Glasses: 100 - 200 Tnde"
    ]
  },
  {
    "words": [
      "Nutcracker Head: 65,000 75,000"
    ]
  },
  {
    "words": [
      "Coonskin Cap: 750 1,250"
    ]
  },
  {
    "words": [
      "Holly Hat: 4,000 - 8,000"
    ]
  },
  {
    "words": [
      "Top Hat: 4,000 - 8,000"
    ]
  },
  {
    "words": [
      "Arctic Hood: 5,000 10,000 Arctic"
    ]
  },
  {
    "words": [
      "Fox Shirt: 3,000 6,000 Arctic"
    ]
  },
  {
    "words": [
      "Fox Pants: 3,000 - 6,000"
    ]
  },
  {
    "words": [
      "Arctic"
    ]
  },
  {
    "words": [
      "Fox Tail: 300 - 500"
    ]
  },
  {
    "words": [
      "Ribbon Mask: 3,000 - 4,000"
    ]
  },
  {
    "words": [
      "Cane Wings: 800 - 1,200"
    ]
  },
  {
    "words": [
      "Present Umbrella: 4,000 - 6,500"
    ]
  },
  {
    "words": [
      "Don'€ (Apprentce]"
    ]
  },
  {
    "words": [
      "\"pprenuce 30"
    ]
  },
  {
    "words": [
      "Dapbaro Hat: 130,000 Golden ,000"
    ]
  },
  {
    "words": [
      "Dapper Hat: 130,000 160,000"
    ]
  },
  {
    "words": [
      "@( Nova 1"
    ]
  },
  {
    "words": [
      "Dapberodot Hat: 130,000 Golden"
    ]
  },
  {
    "words": [
      "Wonou Nova"
    ]
  },
  {
    "words": [
      "Golden Hat: 130,000 DapBorodat"
    ]
  },
  {
    "words": [
      "TESSMowy 21 [ ( Ii(Nova"
    ]
  },
  {
    "words": [
      "USowi [ Ii"
    ]
  },
  {
    "words": [
      "Nova Hat: 130,000 DaRberodat Golden"
    ]
  },
  {
    "words": [
      "Snow [ Ii Nova [ Yule"
    ]
  },
  {
    "words": [
      "Bell Bow: 100 - 150"
    ]
  },
  {
    "words": [
      "\"snow \"21 ( ( IifcNova Yule"
    ]
  },
  {
    "words": [
      "Snom 21 [ ' Ii Nova Yule"
    ]
  },
  {
    "words": [
      "'snom 721 ( ifcNova Yule"
    ]
  },
  {
    "words": [
      "Snom [ Tf Nova Yule"
    ]
  },
  {
    "words": [
      "Snom 21 ( ( Iifc"
    ]
  },
  {
    "words": [
      "Nova Earmuffs: 100 - 200"
    ]
  },
  {
    "words": [
      "SnowI 21 ( c IifNova_ Earmuffs: 100 - 200"
    ]
  },
  {
    "words": [
      "SnowI 21 [ c Iif-Nova [ Earmuffs: 100 200"
    ]
  },
  {
    "words": [
      "Snom {21 [ c if-Nova [ Earmuffs: 100 200"
    ]
  },
  {
    "words": [
      "Sowi '21 [ Tf-Nova [ Earmuffs: 100 - 200"
    ]
  },
  {
    "words": [
      "Snowi \"21 ( ' I-Nova"
    ]
  },
  {
    "words": [
      "Holly Crown: 125 250"
    ]
  },
  {
    "words": [
      "Lonowt \"21 [ Tif-Nova"
    ]
  },
  {
    "words": [
      "(Snowi_ \"21 [ Tif-Nova"
    ]
  },
  {
    "words": [
      "(Snowi {21 [ ( Iif-Nova"
    ]
  },
  {
    "words": [
      "(Snowi '21 [ Tif-Nova ["
    ]
  },
  {
    "words": [
      "Lonowv 21 [ TifcNova [ ="
    ]
  },
  {
    "words": [
      "Mistletoe Lure: 2,000 - 3,000"
    ]
  },
  {
    "words": [
      "Som 21 ( ( ifcNova"
    ]
  },
  {
    "words": [
      "Somi 0( TNoval = Yule"
    ]
  },
  {
    "words": [
      "Xmas Hat: 50 - 100"
    ]
  },
  {
    "words": [
      "Lno 1 [ Ti Nova Yule"
    ]
  },
  {
    "words": [
      "Annm 1 [ T ifcNova [ Yule"
    ]
  },
  {
    "words": [
      "Sot 1 [ T ifcNova [ Yule"
    ]
  },
  {
    "words": [
      "[ONova !"
    ]
  },
  {
    "words": [
      "Asnom )Va Toy"
    ]
  },
  {
    "words": [
      "Solider Cap: 150 - 250"
    ]
  },
  {
    "words": [
      "Snol Toy"
    ]
  },
  {
    "words": [
      "Reindeer Cap: 500 - 1,000"
    ]
  },
  {
    "words": [
      "Antlers: 100 - 200"
    ]
  },
  {
    "words": [
      "uce) Antlers: 100 200"
    ]
  },
  {
    "words": [
      "Snow Cap: 100 - 150"
    ]
  },
  {
    "words": [
      "Winter Cap 100 - 200"
    ]
  },
  {
    "words": [
      "Cap Winter 100 - 200"
    ]
  },
  {
    "words": [
      "Knit Cap: 150 200"
    ]
  },
  {
    "words": [
      "Christmas"
    ]
  },
  {
    "words": [
      "Christmas Grouch: 7,000 11,000"
    ]
  },
  {
    "words": [
      "Yeti Head: 45,000 - 55,000"
    ]
  },
  {
    "words": [
      "Ice Pop 2: 120 -200"
    ]
  },
  {
    "words": [
      "Pop: 120 - 200 Ice"
    ]
  },
  {
    "words": [
      "Cup of Cocoa: 18,000 - 23,000"
    ]
  },
  {
    "words": [
      "Carry Cane: 500 - 800"
    ]
  },
  {
    "words": [
      "Snowman Balloon 1,000 - 1,500"
    ]
  },
  {
    "words": [
      "Snowflake Umbrella: 1,000 1,500"
    ]
  },
  {
    "words": [
      "Winter Umbrella: 60,000 - 70,000"
    ]
  },
  {
    "words": [
      "Santa Pack: 6,000 - 10,000"
    ]
  },
  {
    "words": [
      "Gift BackPack 2: 5,000 6,000"
    ]
  },
  {
    "words": [
      "Gift BackPack: 5,000 - 6,000"
    ]
  },
  {
    "words": [
      "Winter Scarf: 2,000 - 3,000"
    ]
  },
  {
    "words": [
      "Xmas Scarf: 450 - 800"
    ]
  },
  {
    "words": [
      "Purple Scarf: 3,000 4,500"
    ]
  },
  {
    "words": [
      "Starry Scarf: 27,500 - 32,500"
    ]
  },
  {
    "words": [
      "Green Scarf: 11,000 15,000"
    ]
  },
  {
    "words": [
      "White Scarf: 25,000 30,000"
    ]
  },
  {
    "words": [
      "Yellow Scarf: 260,000 280,000"
    ]
  },
  {
    "words": [
      "Chocolate CakeHat: 2,500 - 3,500"
    ]
  },
  {
    "words": [
      "Vanilla CakeHat: 2,000 - 3,000"
    ]
  },
  {
    "words": [
      "Berry CakeHat: 2,000 3,000"
    ]
  },
  {
    "words": [
      "Party Hat: 2,000 - 3,000"
    ]
  },
  {
    "words": [
      "Party Hat: 1,200 1,800"
    ]
  },
  {
    "words": [
      "Party Hat: 1,250 - 2,500"
    ]
  },
  {
    "words": [
      "Party Hat: 500 1,000"
    ]
  },
  {
    "words": [
      "Firework Backpack: 120,000 150,000"
    ]
  },
  {
    "words": [
      "Red Purple"
    ]
  },
  {
    "words": [
      "Party Trumpet: 1,000 - 2,000"
    ]
  },
  {
    "words": [
      "Blue Green"
    ]
  },
  {
    "words": [
      "Yellow Orange"
    ]
  },
  {
    "words": [
      "Cube Balloon: 3,000 - 5,000"
    ]
  },
  {
    "words": [
      "Pin Wheel: 400 - 800"
    ]
  },
  {
    "words": [
      "oni 2024"
    ]
  },
  {
    "words": [
      "Premium Cap: 2,000 - 3,000"
    ]
  },
  {
    "words": [
      "Q4n NY 2025 Hat: 700 1,200"
    ]
  },
  {
    "words": [
      "NY 2025 Hat: 700 1,200"
    ]
  },
  {
    "words": [
      "Gold Lightstick: 300 - 600"
    ]
  },
  {
    "words": [
      "Rainbow Lightstick: 1,000 1,300"
    ]
  },
  {
    "words": [
      "Snowflake Halo: 20,000 - 25,000"
    ]
  },
  {
    "words": [
      "Cocoa Head: 3,500 - 5,000"
    ]
  },
  {
    "words": [
      "Peppermint Head: 3,000 - 5,000"
    ]
  },
  {
    "words": [
      "Snowman Head: 3,000 - 5,000"
    ]
  },
  {
    "words": [
      "Cane Sword: 1,000 1,500"
    ]
  },
  {
    "words": [
      "Frost Crown: 1,000 1,500"
    ]
  },
  {
    "words": [
      "Icicle Nose: 250 - 550"
    ]
  },
  {
    "words": [
      "Rudolph Head: 3,000 5,000"
    ]
  },
  {
    "words": [
      "Rudolph Shirt: O00 1,500"
    ]
  },
  {
    "words": [
      "Rudolph Pants: 1,000 1,500"
    ]
  },
  {
    "words": [
      "Rudolph Head: 3,000 5,000 Oo0 5500"
    ]
  },
  {
    "words": [
      "Rudolph Shirt:"
    ]
  },
  {
    "words": [
      "White Scarf: 3,000 - 4,500"
    ]
  },
  {
    "words": [
      "Cane Backpack: 1,000 1,500"
    ]
  },
  {
    "words": [
      "Red Gift"
    ]
  },
  {
    "words": [
      "Bow Backpack: 3,000 4,000"
    ]
  },
  {
    "words": [
      "Hood Hat: 200 350"
    ]
  },
  {
    "words": [
      "Stunt Helmet: 150 - 250"
    ]
  },
  {
    "words": [
      "Mortarboard: 350 - 450"
    ]
  },
  {
    "words": [
      "Welding Mask: 150 - 250"
    ]
  },
  {
    "words": [
      "Knight's Helmet: 350 550"
    ]
  },
  {
    "words": [
      "Valkyrie Helm: 850 1,500"
    ]
  },
  {
    "words": [
      "Safari Hat: 250 - 350"
    ]
  },
  {
    "words": [
      "Fur Hat: 250 - 350"
    ]
  },
  {
    "words": [
      "Sombrero: 750 - 1,500"
    ]
  },
  {
    "words": [
      "Wizard Hat: 200 300"
    ]
  },
  {
    "words": [
      "Red Wizard's Hat: 750 - 1,250"
    ]
  },
  {
    "words": [
      "Black Wizard's Hat: 1,000 - 1,750"
    ]
  },
  {
    "words": [
      "Aviator Hat: 350 - 450"
    ]
  },
  {
    "words": [
      "Fascinator: 300 550"
    ]
  },
  {
    "words": [
      "Police Cap: 700 - 1,000"
    ]
  },
  {
    "words": [
      "Fez: 1,250 - 1,750"
    ]
  },
  {
    "words": [
      "High Hat: 750 - 1,250"
    ]
  },
  {
    "words": [
      "Rice Hat: 750 - 1,000"
    ]
  },
  {
    "words": [
      "Cheese Head: 5,000 10,000"
    ]
  },
  {
    "words": [
      "Cap: Leprechaun 400 - 700"
    ]
  },
  {
    "words": [
      "Leprechaun Cap: 400 - 700"
    ]
  },
  {
    "words": [
      "Bomber Hat: 750 - 1,250"
    ]
  },
  {
    "words": [
      "Roman Helmet: 1,750 - 2,500"
    ]
  },
  {
    "words": [
      "Paper Hat: 2,000 3,000"
    ]
  },
  {
    "words": [
      "Gas Mask: 1,750 - 2,750"
    ]
  },
  {
    "words": [
      "Buckethead: 2,000 - 2,500"
    ]
  },
  {
    "words": [
      "Diving Helmet: 1,750 - 2,750"
    ]
  },
  {
    "words": [
      "Tricorn Hat: 3,000 - 4,000"
    ]
  },
  {
    "words": [
      "Press Hat: 3,500 - 4,500"
    ]
  },
  {
    "words": [
      "N95 Mask: 3,000 - 4,000"
    ]
  },
  {
    "words": [
      "Simple Mask: 4,000 6,000"
    ]
  },
  {
    "words": [
      "Cubit Hat: 6,000 10,000"
    ]
  },
  {
    "words": [
      "Redwood"
    ]
  },
  {
    "words": [
      "Forest Cap: 500 - 750"
    ]
  },
  {
    "words": [
      "Pharoah's Crown: 300 400"
    ]
  },
  {
    "words": [
      "Sun Crown: 450 - 750"
    ]
  },
  {
    "words": [
      "Delivery Hat: 4,000 - 7,000"
    ]
  },
  {
    "words": [
      "Koala Hat: 525,000 - 550,000"
    ]
  },
  {
    "words": [
      "Doc's Mirror: 410,000 - 440,000"
    ]
  },
  {
    "words": [
      "Nurse's Hat: 900,000 - 1,000,000"
    ]
  },
  {
    "words": [
      "Happrenuce)"
    ]
  },
  {
    "words": [
      "Red Shaman's Mask: 75 150"
    ]
  },
  {
    "words": [
      "L9LU Blue Shaman's Mask: 75 150"
    ]
  },
  {
    "words": [
      "LOSE Blue Shaman's Mask: 75 - 150"
    ]
  },
  {
    "words": [
      "Baseball Cap: 50 - 100"
    ]
  },
  {
    "words": [
      "Hop Cap: 50 - 100"
    ]
  },
  {
    "words": [
      "Blue Hip-"
    ]
  },
  {
    "words": [
      "Top Hat: 80 140"
    ]
  },
  {
    "words": [
      "Feather Hat: 50 - 100"
    ]
  },
  {
    "words": [
      "Beany: 25 - 75"
    ]
  },
  {
    "words": [
      "Military Cap: 35 - 50"
    ]
  },
  {
    "words": [
      "Military Beret: 75 - 150"
    ]
  },
  {
    "words": [
      "Military Helmet: 50 - 100"
    ]
  },
  {
    "words": [
      "DH Don 9"
    ]
  },
  {
    "words": [
      "Viking Helm: 50 - 100"
    ]
  },
  {
    "words": [
      "DUH oni t 98"
    ]
  },
  {
    "words": [
      "Shako: 50 100"
    ]
  },
  {
    "words": [
      "D uH Shako: 50 - 100"
    ]
  },
  {
    "words": [
      "Don Shako: 50 - 100 98"
    ]
  },
  {
    "words": [
      "Dunce Cap: 100 150"
    ]
  },
  {
    "words": [
      "Princess Cap: 25 - 75"
    ]
  },
  {
    "words": [
      "Hard Hat: 50 - 100"
    ]
  },
  {
    "words": [
      "DuH Fireman's Hat: 50 - 100"
    ]
  },
  {
    "words": [
      "Fireman's Hat: 50 - 100"
    ]
  },
  {
    "words": [
      "Miner's Helmet: 50 100"
    ]
  },
  {
    "words": [
      "Cowboy Hat: 50 - 100"
    ]
  },
  {
    "words": [
      "Swabbie Hat: 50 100"
    ]
  },
  {
    "words": [
      "Sun Hat: 50 - 100"
    ]
  },
  {
    "words": [
      "Crown: 100 - 150"
    ]
  },
  {
    "words": [
      "Bowler: 75 - 150"
    ]
  },
  {
    "words": [
      "Don Bowler: 75 150 98"
    ]
  },
  {
    "words": [
      "Balmoral Bonnet: 50 100"
    ]
  },
  {
    "words": [
      "Flamenco Hat: 300 500"
    ]
  },
  {
    "words": [
      "Pirate Hat: 50 - 100"
    ]
  },
  {
    "words": [
      "Brave Hat: 75 - 125"
    ]
  },
  {
    "words": [
      "Chief Hat: 100 - 200"
    ]
  },
  {
    "words": [
      "Chef s Hat: 200 - 350"
    ]
  },
  {
    "words": [
      "Sherlock Cap: 150 - 250"
    ]
  },
  {
    "words": [
      "Salakot: 75 - 150"
    ]
  },
  {
    "words": [
      "Dor Salakot: 75 150"
    ]
  },
  {
    "words": [
      "Turban: 100 - 175"
    ]
  },
  {
    "words": [
      "Sheik Hat: 150 - 250"
    ]
  },
  {
    "words": [
      "Fizzled Wand: 25 - 50"
    ]
  },
  {
    "words": [
      "Harm Wand: 25 - 35"
    ]
  },
  {
    "words": [
      "Heal Wand: 75 100"
    ]
  },
  {
    "words": [
      "Shrink Wand: 550 - 850"
    ]
  },
  {
    "words": [
      "Necromancer's Wand: 1,250 1,750"
    ]
  },
  {
    "words": [
      "Hair Bow: 60 120"
    ]
  },
  {
    "words": [
      "Hair Bow: 50 - 100"
    ]
  },
  {
    "words": [
      "Headphones: 650 - 800"
    ]
  },
  {
    "words": [
      "Antennae: 150 - 250"
    ]
  },
  {
    "words": [
      "Aviator Sunglasses: 200 - 300"
    ]
  },
  {
    "words": [
      "Rectangular Sunglasses: 150 250"
    ]
  },
  {
    "words": [
      "Shield Sunglasses: 250 - 350"
    ]
  },
  {
    "words": [
      "Tinted"
    ]
  },
  {
    "words": [
      "Shield Sunglasses: 250 450c"
    ]
  },
  {
    "words": [
      "Striped Shades: 1,000 - 1,500"
    ]
  },
  {
    "words": [
      "Shield Sunglasses: 750 1,250"
    ]
  },
  {
    "words": [
      "Eye Glasses: 100 - 200"
    ]
  },
  {
    "words": [
      "Heart Glasses: 100 - 200"
    ]
  },
  {
    "words": [
      "Star Glasses: 250 - 400"
    ]
  },
  {
    "words": [
      "Monacle: 250 - 350"
    ]
  },
  {
    "words": [
      "Nerd Glasses: 150 - 250"
    ]
  },
  {
    "words": [
      "Bottle Glasses: 850 - 1,250"
    ]
  },
  {
    "words": [
      "Round Sunglasses: 450 - 550"
    ]
  },
  {
    "words": [
      "Bandit Mask: 200 - 300"
    ]
  },
  {
    "words": [
      "Eyepatch: 7,000 - 9,000"
    ]
  },
  {
    "words": [
      "Cowl: 25 - 35"
    ]
  },
  {
    "words": [
      "Ice) Cowl: 25 - 35"
    ]
  },
  {
    "words": [
      "Robe: 75 - 150"
    ]
  },
  {
    "words": [
      "Flower Skirt: 75 - 125"
    ]
  },
  {
    "words": [
      "Tutu: 35 - 55"
    ]
  },
  {
    "words": [
      "uce) Tutu: 35 - 55"
    ]
  },
  {
    "words": [
      "Shirt: 1 -5 Pants: 1-5"
    ]
  },
  {
    "words": [
      "Invisibility Cloak: 1,000_ 1,500"
    ]
  },
  {
    "words": [
      "Suit Jacket: 1,500 - 2,000"
    ]
  },
  {
    "words": [
      "Chef's Coat: 100 - 300"
    ]
  },
  {
    "words": [
      "Camo Shirt: 150 250"
    ]
  },
  {
    "words": [
      "Camo Pants: 50 - 100"
    ]
  },
  {
    "words": [
      "Angel Wings: 8,250 9,500"
    ]
  },
  {
    "words": [
      "Angel Wings: 3,500 - 4,000"
    ]
  },
  {
    "words": [
      "Dragon Wings: 750 1,250"
    ]
  },
  {
    "words": [
      "Gold Wings: 100 - 150"
    ]
  },
  {
    "words": [
      "Steel Wings: 75 - 125"
    ]
  },
  {
    "words": [
      "Flamingo Wings: 75 - 125"
    ]
  },
  {
    "words": [
      "Parrot Wings: 50 - 100"
    ]
  },
  {
    "words": [
      "Bluejay Wings: 50 - 100"
    ]
  },
  {
    "words": [
      "Bee Wings: 50 - 100"
    ]
  },
  {
    "words": [
      "Bat Wings: 50 100"
    ]
  },
  {
    "words": [
      "Imp Wings: 100 150"
    ]
  },
  {
    "words": [
      "Wings: 100 - 150 Imp"
    ]
  },
  {
    "words": [
      "Butterfly Wings: 50 100"
    ]
  },
  {
    "words": [
      "Dragonfly Wings: 50 100"
    ]
  },
  {
    "words": [
      "Fairy Wings: 50 100"
    ]
  },
  {
    "words": [
      "Lady Wig: 4,500 - 6,000"
    ]
  },
  {
    "words": [
      "Wig: Cat Lady 4,500 6,000"
    ]
  },
  {
    "words": [
      "Princess Hair: 1,000 - 2,000"
    ]
  },
  {
    "words": [
      "Powdered"
    ]
  },
  {
    "words": [
      "Magisterial Wig: 250 450"
    ]
  },
  {
    "words": [
      "Wig: Powdered Grande Dame 200 - 300"
    ]
  },
  {
    "words": [
      "Powdered Grande"
    ]
  },
  {
    "words": [
      "Dame Wig: 200 - 300"
    ]
  },
  {
    "words": [
      "(Apprentice)_ Kat Powdered"
    ]
  },
  {
    "words": [
      "Dan\"Ant (Apprentice)_ Powdered"
    ]
  },
  {
    "words": [
      "dFu~ ULULuruC Anrentice Powdered"
    ]
  },
  {
    "words": [
      "Aristocrat Wig: 100 150"
    ]
  },
  {
    "words": [
      "Wig: Powdered Aristocrat 100 150"
    ]
  },
  {
    "words": [
      "Wig: Orange Magisterial 250 450"
    ]
  },
  {
    "words": [
      "Orange Grande"
    ]
  },
  {
    "words": [
      "Wig: Orange Grande Dame 200 400"
    ]
  },
  {
    "words": [
      "Wig: Orange Ducal 150 - 250"
    ]
  },
  {
    "words": [
      "Aristocrat Wig: 100 - 200"
    ]
  },
  {
    "words": [
      "Red Grande"
    ]
  },
  {
    "words": [
      "Ducal Wig: 100 - 200"
    ]
  },
  {
    "words": [
      "Wig: Purple Grande Dame 200 300"
    ]
  },
  {
    "words": [
      "Purple Grande"
    ]
  },
  {
    "words": [
      "Magisterial Wig: 450 - 650"
    ]
  },
  {
    "words": [
      "Pink Grande"
    ]
  },
  {
    "words": [
      "Dame Wig: 350 550"
    ]
  },
  {
    "words": [
      "Wig: Pink Grande Dame 350 550"
    ]
  },
  {
    "words": [
      "Wig: Blonde Magisterial 250 450"
    ]
  },
  {
    "words": [
      "Blonde"
    ]
  },
  {
    "words": [
      "Blonde Grande"
    ]
  },
  {
    "words": [
      "Wig: Blonde Grande Dame 300 400"
    ]
  },
  {
    "words": [
      "Ducal Wig: 200 300"
    ]
  },
  {
    "words": [
      "Wig: Blue Grande Dame 200 350"
    ]
  },
  {
    "words": [
      "Dame Wig: 500 1,000"
    ]
  },
  {
    "words": [
      "Wig: Green Grande Dame 500 JO00"
    ]
  },
  {
    "words": [
      "Brown Grande"
    ]
  },
  {
    "words": [
      "Wig: Brown Grande Dame 200 350"
    ]
  },
  {
    "words": [
      "Wig: 200 Brown Grande Dame 350"
    ]
  },
  {
    "words": [
      "Black Grande"
    ]
  },
  {
    "words": [
      "Wig: Black Grande Dame 350 550"
    ]
  },
  {
    "words": [
      "Bee Stripes: 100 - 200"
    ]
  },
  {
    "words": [
      "Squirrel Tail: 100 - 200"
    ]
  },
  {
    "words": [
      "Dont DA"
    ]
  },
  {
    "words": [
      "Croc Tail: 75 - 150"
    ]
  },
  {
    "words": [
      "Beaver Tail: 75 - 150"
    ]
  },
  {
    "words": [
      "Bluejay Tail: 75 - 150"
    ]
  },
  {
    "words": [
      "Bluejay Tail: 75 - 150 Dol"
    ]
  },
  {
    "words": [
      "Parrot Tail: 75 - 150"
    ]
  },
  {
    "words": [
      "Parrot Tail: 75 - 150 Don] 9"
    ]
  },
  {
    "words": [
      "Rooster Tail: 100 200"
    ]
  },
  {
    "words": [
      "Bird Beak: 150 - 250"
    ]
  },
  {
    "words": [
      "Bull Horns: 100 - 200"
    ]
  },
  {
    "words": [
      "Rhino Horn: 100 150"
    ]
  },
  {
    "words": [
      "Unicorn Horn: 150 - 250"
    ]
  },
  {
    "words": [
      "Ram Horns: 550 - 850"
    ]
  },
  {
    "words": [
      "Ram Horns: 550 - 850 Dol"
    ]
  },
  {
    "words": [
      "Bear Ears: 200 - 300"
    ]
  },
  {
    "words": [
      "Beetle Shell: 75 - 125"
    ]
  },
  {
    "words": [
      "Beetle Horn: 75 - 125"
    ]
  },
  {
    "words": [
      "Ladybug Shell: 50 - 100"
    ]
  },
  {
    "words": [
      "Elephant Ears: 300 - 450 Elephant Trunk 250 - 350"
    ]
  },
  {
    "words": [
      "Shark Tail: 350 - 550"
    ]
  },
  {
    "words": [
      "Shark Tail: 350 - 550 Dor"
    ]
  },
  {
    "words": [
      "Shark Fin 150 - 250"
    ]
  },
  {
    "words": [
      "Peacock Tail: 550 - 850"
    ]
  },
  {
    "words": [
      "Peacock Crest: 300 - 450"
    ]
  },
  {
    "words": [
      "Panda Ears: 750 ,250"
    ]
  },
  {
    "words": [
      "Panda Eyes: 500 - 750"
    ]
  },
  {
    "words": [
      "Chicken Comb: 750 ,250 1,000"
    ]
  },
  {
    "words": [
      "Chicken Beak: 500"
    ]
  },
  {
    "words": [
      "Chicken Comb: 750 250"
    ]
  },
  {
    "words": [
      "Chicken Beak: 500 - 1,000"
    ]
  },
  {
    "words": [
      "Lion Tail: 150 - 200"
    ]
  },
  {
    "words": [
      "Lion Tail: 150 - 200 Dot"
    ]
  },
  {
    "words": [
      "Lion Fur: 2,000 - 3,000"
    ]
  },
  {
    "words": [
      "Dragon Tail: 200 - 350"
    ]
  },
  {
    "words": [
      "Dragon Horns: 350 550"
    ]
  },
  {
    "words": [
      "Imp Tail: 100 - 200"
    ]
  },
  {
    "words": [
      "Imp Horns: 100 - 200"
    ]
  },
  {
    "words": [
      "Racoon Tail: 150 - 250"
    ]
  },
  {
    "words": [
      "Racoon Ears: 200 - 350"
    ]
  },
  {
    "words": [
      "Bunny Tail: 350 - 550"
    ]
  },
  {
    "words": [
      "Bunny Ears: 350 - 650"
    ]
  },
  {
    "words": [
      "Dog Tail: 400 - 600"
    ]
  },
  {
    "words": [
      "Dog Ears: 350 - 550"
    ]
  },
  {
    "words": [
      "Cat Tail: 750 - 1,250"
    ]
  },
  {
    "words": [
      "Cat Tail: 750 - 1,250 Don 2"
    ]
  },
  {
    "words": [
      "Fox Tail: 750 - 1,000"
    ]
  },
  {
    "words": [
      "Don\"€ eat m e (Apprentce) Executioner's Mask: 4,000 4,750"
    ]
  },
  {
    "words": [
      "Don't eat me (Apprentice) Executioner's Mask: 4,000 4,750"
    ]
  },
  {
    "words": [
      "Dont eat me(Apprentice) 7o"
    ]
  },
  {
    "words": [
      "Don't eat me (Apprentce) Jo"
    ]
  },
  {
    "words": [
      "Iron Mask: 1,750 - 2,500"
    ]
  },
  {
    "words": [
      "Don't eat me (Apprentce) J0 LL"
    ]
  },
  {
    "words": [
      "eat m e (Apprentce)"
    ]
  },
  {
    "words": [
      "nt ent me (Apprenuce)"
    ]
  },
  {
    "words": [
      "Gargoyle Mask: 350 - 550"
    ]
  },
  {
    "words": [
      "Ippr J0"
    ]
  },
  {
    "words": [
      "Traffic Hat: 12,000 15,000"
    ]
  },
  {
    "words": [
      "Farmsrs Hat: 15 25"
    ]
  },
  {
    "words": [
      "Farmers Overalls: 15 - 25"
    ]
  },
  {
    "words": [
      "Farmers Pants: 15 - 25"
    ]
  },
  {
    "words": [
      "Hotdog Head: 35,000 - 45,000"
    ]
  },
  {
    "words": [
      "Pizza Face: 20,000 - 25,000"
    ]
  },
  {
    "words": [
      "Hamburger Head: 10,000 12,500"
    ]
  },
  {
    "words": [
      "Floppy"
    ]
  },
  {
    "words": [
      "Tall Grey"
    ]
  },
  {
    "words": [
      "Chef Cap: 50 Tall 100"
    ]
  },
  {
    "words": [
      "Short Grey"
    ]
  },
  {
    "words": [
      "pNO Short Grey"
    ]
  },
  {
    "words": [
      "Chef Cap: 50 - 100 Short"
    ]
  },
  {
    "words": [
      "T19 Tall Red"
    ]
  },
  {
    "words": [
      "pLO Lero Tall Red"
    ]
  },
  {
    "words": [
      "pL9 Short Red"
    ]
  },
  {
    "words": [
      "Chef Cap: 50 100"
    ]
  },
  {
    "words": [
      "Tn9 To1a Short Red"
    ]
  },
  {
    "words": [
      "Cosmic"
    ]
  },
  {
    "words": [
      "Cow Head: 25,000 35,000"
    ]
  },
  {
    "words": [
      "Astronaut Helmet: 200 300"
    ]
  },
  {
    "words": [
      "Sci-Fi"
    ]
  },
  {
    "words": [
      "Scanner: 350 - 550"
    ]
  },
  {
    "words": [
      "Doll Scanner: 350 - 550 M"
    ]
  },
  {
    "words": [
      "Moonar Helmet: 200 300"
    ]
  },
  {
    "words": [
      "Moonar Jacket: 350 450"
    ]
  },
  {
    "words": [
      "Moonar Pants: 350 - 450"
    ]
  },
  {
    "words": [
      "Moonar Pack: 300 400"
    ]
  },
  {
    "words": [
      "Sci-Fi 02 Tank: 300 400"
    ]
  },
  {
    "words": [
      "Steampunk Goggles: 350 - 450"
    ]
  },
  {
    "words": [
      "Punk Umbrella: 2,000 3,000"
    ]
  },
  {
    "words": [
      "Clockwerk Hat: 450 - 750 Top: 500 2,000 SteamPunk Steam"
    ]
  },
  {
    "words": [
      "Clockwerk Hat: 450 - 750 Top: 2,000 SteamPunk 500 Steam"
    ]
  },
  {
    "words": [
      "Clockwerk Hat: 450 - 750 Top: 1,500 - 2,000 SteamPunk Steam"
    ]
  },
  {
    "words": [
      "Clockwerk Hat: 450 - 750 Top: SteamPunk 500 2,000 Steam"
    ]
  },
  {
    "words": [
      "Clockwerk Hat: 450 - 750 2,000 Steam"
    ]
  },
  {
    "words": [
      "Punk Top: 500 Steam"
    ]
  },
  {
    "words": [
      "Generator Pack: 250 450"
    ]
  },
  {
    "words": [
      "Pipe Wrench: 2,000 - 2,500"
    ]
  },
  {
    "words": [
      "Slymegood Head: 200 300"
    ]
  },
  {
    "words": [
      "Slymegood Safety Helmet 01: 1,350 - 1,500 Slymegood Suit Top \" 01: 1,350 - 1,500 Slymegood Suit Pants 01: 1,350 1,500"
    ]
  },
  {
    "words": [
      "Slymegood Safety Helmet 01 1,350 - 1,500 Slymegood Suit Top 01: 1,350 1,500 Slymegood Suit Pants 01 3 1,350 - 1,500"
    ]
  },
  {
    "words": [
      "Slymegood Safety Helmet 01: {3538986d 1,500 1,350 Suit Top 01: 1,350 Slymegood Suit Pants 01: 1,350 - 1,500"
    ]
  },
  {
    "words": [
      "Slymegoododsiytmegooa1: Slynag= 1,500 ood Industry Shirt 01: 1,500"
    ]
  },
  {
    "words": [
      "Slymegoododsiytmegooa1: 1,500 Slynag= ood Industry Shirt 01: 1,500"
    ]
  },
  {
    "words": [
      "Slymegoododsiytmegooa1: Slymegoodoo 1,500 Industry Shirt 01:"
    ]
  },
  {
    "words": [
      "Slyrsdood= Industry Cap 01: 1,500 Slymegood Industry Shirt 01: 1,500"
    ]
  },
  {
    "words": [
      "Slymegood Industry Cap 01: 1,350 500 Slyn8g= ood Industry Shirt 01: 1,500"
    ]
  },
  {
    "words": [
      "Slymegood Industry Cap 01: 1,350 1,500 Slymegood Industry Shirt 01: 1,350 1,500"
    ]
  },
  {
    "words": [
      "Slymegood Safety Helmet 02: 1,350 \" 1,500 Slymegood Suit Top 02: 1,350 1,500 Slymegood Suit Pants 02: 1,350 - 1,500"
    ]
  },
  {
    "words": [
      "Slymegood Safety Helmet 02: 1,350 - 1,500 Slymegood Suit Top 02: 1,350 - 1,500 Slymegood Suit Pants 02: 1,350 1,500"
    ]
  },
  {
    "words": [
      "Slymegoododsiytmegooa2: 1,500 Elyn8g= ood Industry Shirt 02: 1,500"
    ]
  },
  {
    "words": [
      "Dontt eat me (Apprentce) slynagoododsitmegooaz: 1,500 Slymegood Industry Shirt 02: 1,350 - 1,500"
    ]
  },
  {
    "words": [
      "Dont eat me(Apprentce) Black"
    ]
  },
  {
    "words": [
      "Pawn Head: 150 - 250"
    ]
  },
  {
    "words": [
      "Dont (Apprenbce) \"D8 Izy90 ="
    ]
  },
  {
    "words": [
      "Don' eat me(Annrentice) Black"
    ]
  },
  {
    "words": [
      "Bishop Head: 150 -250"
    ]
  },
  {
    "words": [
      "Knight Head: 150 - 250"
    ]
  },
  {
    "words": [
      "Rook Head: 150 - 250"
    ]
  },
  {
    "words": [
      "Queen Head: 150 - 250"
    ]
  },
  {
    "words": [
      "King Head: 150 - 250"
    ]
  },
  {
    "words": [
      "White Head: 150 - 250"
    ]
  },
  {
    "words": [
      "Explorer Backpack: 1,500 2,500"
    ]
  },
  {
    "words": [
      "Explorer Hat: 750 1,250 Green"
    ]
  },
  {
    "words": [
      "Explorer Top: 2,000 2,500 Green"
    ]
  },
  {
    "words": [
      "Explorer Pants: 2,000 - 2,500"
    ]
  },
  {
    "words": [
      "Explorer Backpack: 2,500 - 3,500"
    ]
  },
  {
    "words": [
      "Explorer Hat: 750 - 1,250 Brown Explorer 3,000 Top: 4,500 Brown"
    ]
  },
  {
    "words": [
      "Explorer Top: 3,000 4,500 Brown"
    ]
  },
  {
    "words": [
      "Explorer Hat: 750 - 1,250 Brown"
    ]
  },
  {
    "words": [
      "Bull Whip: 2,000 3,000"
    ]
  },
  {
    "words": [
      "Torch: 2,500 - 3,500"
    ]
  },
  {
    "words": [
      "Walking Stick: 2,000 - 3,000"
    ]
  },
  {
    "words": [
      "r Machete: 4,500 - 5,500"
    ]
  },
  {
    "words": [
      "Machete: 4,500 5,500"
    ]
  },
  {
    "words": [
      "nuce) Machete: 4,500 - 5,500"
    ]
  },
  {
    "words": [
      "Fishing Hat: 4,000 5,000 OrangeGreen"
    ]
  },
  {
    "words": [
      "Fishing Vest: 3,500 - 4,500 Dark Green"
    ]
  },
  {
    "words": [
      "Fishing Pants: 2,000 - 3,000"
    ]
  },
  {
    "words": [
      "Fishing Hat: 4,000 5,000 BlueBrown"
    ]
  },
  {
    "words": [
      "Fishing Vest: 3,500 - 4,500 Brown"
    ]
  },
  {
    "words": [
      "Fishing Cap: 5,000 6,500 Blue"
    ]
  },
  {
    "words": [
      "Fishing Vest: Checkered 15,000 - 20,000 Dark Brown"
    ]
  },
  {
    "words": [
      "Fishing Cap: 5,000 6,500 Blue Checkered"
    ]
  },
  {
    "words": [
      "Fishing Vest: 15,000 - 20,000 Dark Brown"
    ]
  },
  {
    "words": [
      "Simple Rod: 150 - 250"
    ]
  },
  {
    "words": [
      "Superior Rod: 1,250 1,750"
    ]
  },
  {
    "words": [
      "Expert Rod: 3,000 - 4,000"
    ]
  },
  {
    "words": [
      "Fishmaster Rod: 6,000 8,000"
    ]
  },
  {
    "words": [
      "Diving Tank: 500 - 1,000"
    ]
  },
  {
    "words": [
      "Scuba Hood: 550 850 Purple"
    ]
  },
  {
    "words": [
      "Scuba Suit: 550 - 850 Purple"
    ]
  },
  {
    "words": [
      "Scuba Pants: 550 - 850"
    ]
  },
  {
    "words": [
      "Scuba Mask: 550 - 850"
    ]
  },
  {
    "words": [
      "Scuba Hood: 550 - 850 Blue"
    ]
  },
  {
    "words": [
      "Scuba Suit: 550 - 850 Blue"
    ]
  },
  {
    "words": [
      "Shell Backpack: 450 750"
    ]
  },
  {
    "words": [
      "Starfish on Face: 450 - 750"
    ]
  },
  {
    "words": [
      "Seaweed on Head: 450 - 750"
    ]
  },
  {
    "words": [
      "Seaweed Suit: 750 Oo0"
    ]
  },
  {
    "words": [
      "Seaweed Pants: 750 1,000"
    ]
  },
  {
    "words": [
      "Trident: 2,000 - 3,000"
    ]
  },
  {
    "words": [
      "Level 0"
    ]
  },
  {
    "words": [
      "Ram Kennel: 3,000,000 3,300,000"
    ]
  },
  {
    "words": [
      "Dragon Lair: 22,500 27,500"
    ]
  },
  {
    "words": [
      "Dragooge Level 49 Lair: 30,000"
    ]
  },
  {
    "words": [
      "Dragoo Level 49 Lair: 30,000 Oo0"
    ]
  },
  {
    "words": [
      "Drag8o Level 49 Lair: 30,000 ,000"
    ]
  },
  {
    "words": [
      "Dragon Lair: 30,000 35,000"
    ]
  },
  {
    "words": [
      "Bunny Kennel: 15,000 18,000"
    ]
  },
  {
    "words": [
      "Bunny Kennel: 21,000 24,000"
    ]
  },
  {
    "words": [
      "Dog' Level 0 Kennel: 2,500 3,000"
    ]
  },
  {
    "words": [
      "Dog Kennel: 2,500 3,000"
    ]
  },
  {
    "words": [
      "Dog Level 49 Kennel: 7,000 8,000"
    ]
  },
  {
    "words": [
      "Kitty Kennel: 2,500 3,000"
    ]
  },
  {
    "words": [
      "Kitty Level 0 Kennel: 2,500 3,000"
    ]
  },
  {
    "words": [
      "Kangaroo Kennel: 250,000 - 300,000"
    ]
  },
  {
    "words": [
      "Kangaroo Kennel: 200,000 230,000"
    ]
  },
  {
    "words": [
      "Kangaroo Kennel: 200,000 230,000 Don"
    ]
  },
  {
    "words": [
      "Ostrich Pit: 200,000 220,000"
    ]
  },
  {
    "words": [
      "Don€ eat me (Apprenuce) Level 49"
    ]
  },
  {
    "words": [
      "Elf Hut: 70,000 80,000"
    ]
  },
  {
    "words": [
      "Turkey Kennel: 40,000 45,000"
    ]
  },
  {
    "words": [
      "Turkeye Kennel: 40,000 Level 49 5,000"
    ]
  },
  {
    "words": [
      "Chick Coop: 180,000 200,000"
    ]
  },
  {
    "words": [
      "Chick Coop: 190,000 Ice 210,000"
    ]
  },
  {
    "words": [
      "Level 49 Wuvva"
    ]
  },
  {
    "words": [
      "Pig Kennel: 600,000 - 650,000"
    ]
  },
  {
    "words": [
      "Pig Level 49"
    ]
  },
  {
    "words": [
      "Wuvva Kennel: 600,000 650,000"
    ]
  },
  {
    "words": [
      "Pig Kennel: 500,000 600,000"
    ]
  },
  {
    "words": [
      "Wuvva Kennel: 500,000 - 600,000"
    ]
  },
  {
    "words": [
      "Pig Kennel: Ice 500,000 600,000"
    ]
  },
  {
    "words": [
      "Level 49 Model C Station: 12,000 15,000"
    ]
  },
  {
    "words": [
      "Level 0 Model C Station: 7,000 8,000"
    ]
  },
  {
    "words": [
      "Level 49 Model F Station: 25,000 30,000"
    ]
  },
  {
    "words": [
      "Level 0 Model F Station: 15,000 20,000"
    ]
  },
  {
    "words": [
      "Level 0 Model N Station: 35,000 40,000 4 october 2025"
    ]
  },
  {
    "words": [
      "Level 0 Black"
    ]
  },
  {
    "words": [
      "Cat Kennel: 720,000 - 750,000"
    ]
  },
  {
    "words": [
      "Cat Kennel: 600,000 650,000"
    ]
  },
  {
    "words": [
      "Level 49 Spider Den 120,000 140,000"
    ]
  },
  {
    "words": [
      "Level 0 Mutant"
    ]
  },
  {
    "words": [
      "Doog Kennel: 5,000 - 7,000"
    ]
  },
  {
    "words": [
      "Mutant Kennel: 9,000 - 12,000"
    ]
  },
  {
    "words": [
      "Level 0 Mutant Mee"
    ]
  },
  {
    "words": [
      "Mew Kennel: 5,000 - 7,000"
    ]
  },
  {
    "words": [
      "Mew Kennel: 10,000 12,500"
    ]
  },
  {
    "words": [
      "Hopper House: 55,000 45,000"
    ]
  },
  {
    "words": [
      "Hopper House: 45,000 - 55,000"
    ]
  },
  {
    "words": [
      "Level 0 Mutant Wuvva"
    ]
  },
  {
    "words": [
      "Pig Kennel: 3,500 - 4,500"
    ]
  },
  {
    "words": [
      "Pig Kennel: 6,000 - 8,000"
    ]
  },
  {
    "words": [
      "Ram Kennel: 85,000 100,000"
    ]
  },
  {
    "words": [
      "Ram Kennel: 100,000 130,000"
    ]
  },
  {
    "words": [
      "Husky Kennel: 18,000 22,000"
    ]
  },
  {
    "words": [
      "Penguin Pad: 22,500 27,500"
    ]
  },
  {
    "words": [
      "Penguin Pad: 25,000 30,000"
    ]
  },
  {
    "words": [
      "Snowman Kennel: 37,500 45,000"
    ]
  },
  {
    "words": [
      "Snowman Kennel: 30,000 - 37,500"
    ]
  },
  {
    "words": [
      "Reindeer Kennel: 18,000 24,000"
    ]
  },
  {
    "words": [
      "Level 49 Mini"
    ]
  },
  {
    "words": [
      "Grouch Kennel: 10,000 - 12,000"
    ]
  },
  {
    "words": [
      "Grouch Kennel: 3,500 - 4,500"
    ]
  },
  {
    "words": [
      "Krampus Kennel: 9,000 - 12,000"
    ]
  },
  {
    "words": [
      "Krampus Kennel: 12,000 9,000"
    ]
  },
  {
    "words": [
      "Krampus Kennel: 3,500 2,500"
    ]
  },
  {
    "words": [
      "Krampus Kennel: 2,500 - 3,500"
    ]
  },
  {
    "words": [
      "Pumpkin Kennel: 600,000 650,000"
    ]
  },
  {
    "words": [
      "Pumpkin Kennel: 750,000 800,000"
    ]
  },
  {
    "words": [
      "Raccoon Tail: 750 1,250"
    ]
  },
  {
    "words": [
      "Scarecrow Head: 6,000 8,000"
    ]
  },
  {
    "words": [
      "Scarecrow Shirt: 3,000 4,000"
    ]
  },
  {
    "words": [
      "Scarecrow Pants: 3,000 4,000"
    ]
  },
  {
    "words": [
      "Log Head: 1,700 -2,500"
    ]
  },
  {
    "words": [
      "Wooden Shirt: 500 1,000 Wooden 1,000 Pants: 500"
    ]
  },
  {
    "words": [
      "Wooden Shirt: 500 1,000"
    ]
  },
  {
    "words": [
      "Wooden Pants: 500 - 1,000"
    ]
  },
  {
    "words": [
      "Sunflower Staff: 500 - 1,000"
    ]
  },
  {
    "words": [
      "Sunflower Staff: 500 Oo0"
    ]
  },
  {
    "words": [
      "Corn Staff: 300 500"
    ]
  },
  {
    "words": [
      "Turkey Leg (held): 500 1,000"
    ]
  },
  {
    "words": [
      "LO Pumpkin"
    ]
  },
  {
    "words": [
      "Stem Hat: 750 - 1,250"
    ]
  },
  {
    "words": [
      "Cornucopia Hat: 1,500 - 2,000"
    ]
  },
  {
    "words": [
      "Pumpkin Costume: 13,000 18,000"
    ]
  },
  {
    "words": [
      "Black Scarf: 3,000 3,500"
    ]
  },
  {
    "words": [
      "Hunter's Hat 2024: 400 - 700"
    ]
  },
  {
    "words": [
      "Leaf Wings: 700 - 1,000"
    ]
  },
  {
    "words": [
      "Leaves Hat: 750 1,250"
    ]
  },
  {
    "words": [
      "Apple Head: 1,250 1,750"
    ]
  },
  {
    "words": [
      "Rake (held): 600 1,200"
    ]
  },
  {
    "words": [
      "Lantern (held): 3,000 - 6,000"
    ]
  },
  {
    "words": [
      "Pastel Shirt: 900 500"
    ]
  },
  {
    "words": [
      "Pastel Pants: 900 - 1,500"
    ]
  },
  {
    "words": [
      "Rainbow Scarf: 10,000 - 12,000"
    ]
  },
  {
    "words": [
      "Chicken Balloon: 3,000 5,000"
    ]
  },
  {
    "words": [
      "Egg Yolk on Head: 2,500 3,500"
    ]
  },
  {
    "words": [
      "On Head: 2,000 2,500"
    ]
  },
  {
    "words": [
      "Egg Cap: 500 1,000"
    ]
  },
  {
    "words": [
      "Bunny Cap: 500_ J000"
    ]
  },
  {
    "words": [
      "Bunny Cap: 500 - 1,000"
    ]
  },
  {
    "words": [
      "Anchor On"
    ]
  },
  {
    "words": [
      "The Back: 6,000 9,000"
    ]
  },
  {
    "words": [
      "Bunny Mask: 3,000 - 5,000"
    ]
  },
  {
    "words": [
      "Paper Windmill: 1,500 3,000"
    ]
  },
  {
    "words": [
      "Dipraroog Wand: 5,000 Honey"
    ]
  },
  {
    "words": [
      "Dippaod' Wand: 5,000 Honey"
    ]
  },
  {
    "words": [
      "Dipper Wand: 5,000 10,000"
    ]
  },
  {
    "words": [
      "Leaf Umbrella: 30,000 40,000"
    ]
  },
  {
    "words": [
      "Bunny Balloon: 15,000 22,500"
    ]
  },
  {
    "words": [
      "Sailor Hat: 2,500 5,000"
    ]
  },
  {
    "words": [
      "Sailor Shirt: 10,000 - 12,500"
    ]
  },
  {
    "words": [
      "Sailorla Pants: 10,000 - 15,000"
    ]
  },
  {
    "words": [
      "Oanolor Shirt: 10,000 - 12,500 Pants: 10,000 - 15,000"
    ]
  },
  {
    "words": [
      "Sailor Hat: 2,500 5,000 Sailor 12,500"
    ]
  },
  {
    "words": [
      "Sailor Shirt: 10,000 Pants: 10,000 - 15,000"
    ]
  },
  {
    "words": [
      "Paperboat Hat: 3,000 - 4,000"
    ]
  },
  {
    "words": [
      "Spilled Honey"
    ]
  },
  {
    "words": [
      "Spilled Ice Cream"
    ]
  },
  {
    "words": [
      "On Head: 1,500 - 2,000"
    ]
  },
  {
    "words": [
      "Cupid Shirt: 300 - 500 Dark"
    ]
  },
  {
    "words": [
      "Cupid Wings: 400 - 700"
    ]
  },
  {
    "words": [
      "Pink &"
    ]
  },
  {
    "words": [
      "White Scarf: 500 - 800"
    ]
  },
  {
    "words": [
      "Green &"
    ]
  },
  {
    "words": [
      "Black &"
    ]
  },
  {
    "words": [
      "White Scarf: 600 1,200"
    ]
  },
  {
    "words": [
      "Pixel Hat: 4,000 - 6,000"
    ]
  },
  {
    "words": [
      "Pizza (on hand): 200 - 350"
    ]
  },
  {
    "words": [
      "Pizza Backpack: 250 - 400"
    ]
  },
  {
    "words": [
      "Mouse Tail: 400 - 600"
    ]
  },
  {
    "words": [
      "Mouse Head: 400 - 600"
    ]
  },
  {
    "words": [
      "Mouse Shirt: 400 600"
    ]
  },
  {
    "words": [
      "Mouse Pants: 400 600"
    ]
  },
  {
    "words": [
      "Spudbug Cap: 500 - 750"
    ]
  },
  {
    "words": [
      "Butterfly Umbrella 01: 250 - 400"
    ]
  },
  {
    "words": [
      "Wig \" Punk 01: 250 - 400"
    ]
  },
  {
    "words": [
      "Punk Wig 01: 250 - 400"
    ]
  },
  {
    "words": [
      "Ear Headphones: 500 - 750"
    ]
  },
  {
    "words": [
      "Backpack with Wings: 500 1,000"
    ]
  },
  {
    "words": [
      "Olympic Torch: 200 350"
    ]
  },
  {
    "words": [
      "Clown Mallet: 300 500"
    ]
  },
  {
    "words": [
      "Magnifying Glass: 100 200"
    ]
  },
  {
    "words": [
      "Wig: Afro 300 500"
    ]
  },
  {
    "words": [
      "Afro Wig: 300 500"
    ]
  },
  {
    "words": [
      "Crystal Sword: 150 300"
    ]
  },
  {
    "words": [
      "Don't 28L"
    ]
  },
  {
    "words": [
      "Hotdog Fork: 250 - 350"
    ]
  },
  {
    "words": [
      "Burger Backpack: 250 - 400"
    ]
  },
  {
    "words": [
      "Shell Helmet: 700 1,200"
    ]
  },
  {
    "words": [
      "Popcorn (on hand): 300 500"
    ]
  },
  {
    "words": [
      "Mushroom"
    ]
  },
  {
    "words": [
      "Top Hat: 5,000 - 8,000 Mushroom"
    ]
  },
  {
    "words": [
      "Artist Brush: 150 - 250"
    ]
  },
  {
    "words": [
      "Flame Wings: 500 700"
    ]
  },
  {
    "words": [
      "Hearth Halo: 1,000 - 1,750"
    ]
  },
  {
    "words": [
      "Black Halo: 1,000 - 1,500"
    ]
  },
  {
    "words": [
      "Pink Halo: 750 - 1,000 acie"
    ]
  },
  {
    "words": [
      "Orange Halo: 500 - 750"
    ]
  },
  {
    "words": [
      "Orange Halo: 500 - 750 AcX"
    ]
  },
  {
    "words": [
      "Green Halo: 500 - 750"
    ]
  },
  {
    "words": [
      "Green Halo: 500 - 750 Aci"
    ]
  },
  {
    "words": [
      "Blue Halo: 500 - 750 Aci"
    ]
  },
  {
    "words": [
      "Blue Halo: 500 - 750 Don Aci"
    ]
  },
  {
    "words": [
      "Cyan Halo: 500 1,000 Acre"
    ]
  },
  {
    "words": [
      "Cyan Halo: 500 1,000"
    ]
  },
  {
    "words": [
      "Cyan Halo: 500 - 1,000 Ac"
    ]
  },
  {
    "words": [
      "Violet Halo: 750 - 1,250"
    ]
  },
  {
    "words": [
      "Orange Balloon: 350 - 550"
    ]
  },
  {
    "words": [
      "Green Balloon: 350 - 550"
    ]
  },
  {
    "words": [
      "Blue Balloon: 350 550"
    ]
  },
  {
    "words": [
      "Cyan Balloon: 350 - 550"
    ]
  },
  {
    "words": [
      "Violet Balloon: 350 - 550"
    ]
  },
  {
    "words": [
      "Yellow Balloon: 350 - 550"
    ]
  },
  {
    "words": [
      "Calculator Backpack: 150 - 300"
    ]
  },
  {
    "words": [
      "Cheese Backpack: 4,500 6,500"
    ]
  },
  {
    "words": [
      "Churro: 75 - 150"
    ]
  },
  {
    "words": [
      "Churro: 75 - 150 Don € 5"
    ]
  },
  {
    "words": [
      "Lace Umbrella: 4,000 6,000"
    ]
  },
  {
    "words": [
      "Soda Can (On Hand): 500 - 1,000"
    ]
  },
  {
    "words": [
      "Ice Sword: 200 - 400"
    ]
  },
  {
    "words": [
      "Shield (On Hand): 250 - 500"
    ]
  },
  {
    "words": [
      "Qbee Head: 500 800 Fire"
    ]
  },
  {
    "words": [
      "Qbee Shirt: 300 600 Fire"
    ]
  },
  {
    "words": [
      "Qbee Pants: 300 - 600"
    ]
  },
  {
    "words": [
      "Qbee Head: 500 800 Fire 600 Fire Qbee"
    ]
  },
  {
    "words": [
      "Qbee Shirt: 300 Pants: 300 - 600"
    ]
  },
  {
    "words": [
      "Tiger Tail: 600 800"
    ]
  },
  {
    "words": [
      "Tiger Hood: 600 800"
    ]
  },
  {
    "words": [
      "Tiger Shirt: 600 - 800"
    ]
  },
  {
    "words": [
      "Tiger Pants: 600 - 800"
    ]
  },
  {
    "words": [
      "Tiger Hood: 600 - 800 Shirt: 600 - 800"
    ]
  },
  {
    "words": [
      "Tiger Hood: 600 - 800 800"
    ]
  },
  {
    "words": [
      "Tiger Pants: Shirt: 600 600 800"
    ]
  },
  {
    "words": [
      "Wig: 1,000 2,000 Clown"
    ]
  },
  {
    "words": [
      "Clown Shirt: 1,500 3,000"
    ]
  },
  {
    "words": [
      "Clown Pants: 1,500 - 3,000"
    ]
  },
  {
    "words": [
      "Clown Wig: Ooo 2,000"
    ]
  },
  {
    "words": [
      "Wig: Clown Oo0 2,000"
    ]
  },
  {
    "words": [
      "Pig Head: 300 - 500"
    ]
  },
  {
    "words": [
      "Pig Shirt: 300 - 500"
    ]
  },
  {
    "words": [
      "Pig Pants: 300 - 500"
    ]
  },
  {
    "words": [
      "Pig Shirt: 500"
    ]
  },
  {
    "words": [
      "Police Shirt: 250 450"
    ]
  },
  {
    "words": [
      "Police Pants: 250 - 450"
    ]
  },
  {
    "words": [
      "Tuxedo Shirt: 2,000 3,000 Golden"
    ]
  },
  {
    "words": [
      "Tuxedo Pants: 2,000 - 3,000"
    ]
  },
  {
    "words": [
      "Cookie Hat: 150 - 250"
    ]
  },
  {
    "words": [
      "AFK Cap: 700 1,500"
    ]
  }
]